index,ParticipantID,name,sex,studytime,freetime,romantic,Walc,goout,Parents_edu,absences,reason,G3,Pass,PredictedGrade,PredictedRank,StereotypeActivation,Predicted_Pass_PassFailStrategy,Predicted_Pass_RankingStrategy
132,1,Anna,F,1,2,no,1,2,4,0,course,15,TRUE,17,4,None,TRUE,TRUE
724,1,Michael,M,1,1,no,4,4,4,1,reputation,11,TRUE,10,7,None,TRUE,FALSE
637,1,David,M,1,2,no,4,2,2,0,other,11,TRUE,13,6,None,TRUE,TRUE
884,1,Brian,M,1,1,no,4,4,3,7,home,9,FALSE,10,8,None,TRUE,FALSE
194,1,Jenny,F,2,2,no,1,4,2,0,reputation,14,TRUE,18,3,None,TRUE,TRUE
388,1,Oliver,M,2,2,no,1,1,4,1,reputation,15,TRUE,18,2,None,TRUE,TRUE
65,1,Lisa,F,2,3,no,2,3,4,1,course,15,TRUE,18,1,None,TRUE,TRUE
303,1,Sarah,F,3,3,yes,1,3,4,6,course,14,TRUE,16,5,None,TRUE,TRUE
312,2,Oliver,M,3,2,yes,2,2,4,7,course,16,TRUE,12,4,CaseBased,TRUE,TRUE
305,2,Lisa,F,3,3,no,2,3,3,7,home,13,TRUE,15,3,CaseBased,TRUE,TRUE
38,2,Jenny,F,3,2,no,1,2,4,1,course,11,TRUE,16,2,CaseBased,TRUE,TRUE
886,2,Michael,M,2,1,yes,4,2,2,1,other,8,FALSE,5,5,CaseBased,FALSE,FALSE
953,2,Anna,F,3,1,yes,1,3,4,0,course,18,TRUE,18,1,CaseBased,TRUE,TRUE
225,2,David,M,1,3,yes,4,4,3,7,other,8,FALSE,4,8,CaseBased,FALSE,FALSE
455,2,Sarah,F,1,2,no,2,4,4,3,reputation,13,TRUE,5,6,CaseBased,FALSE,TRUE
128,2,Brian,M,1,3,no,4,4,4,7,course,18,TRUE,5,7,CaseBased,FALSE,FALSE
727,3,Jenny,F,1,2,yes,4,4,2,1,course,10,TRUE,4,8,CaseBased,FALSE,FALSE
178,3,Brian,M,1,1,no,2,3,4,3,home,16,TRUE,12,5,CaseBased,TRUE,TRUE
749,3,Lisa,F,3,2,no,1,3,3,3,home,15,TRUE,19,1,CaseBased,TRUE,TRUE
968,3,Michael,M,2,2,no,4,4,3,0,course,9,FALSE,18,2,CaseBased,TRUE,TRUE
511,3,Anna,F,1,3,no,3,4,1,3,course,11,TRUE,10,6,CaseBased,TRUE,TRUE
958,3,Oliver,M,2,3,yes,3,4,4,3,home,11,TRUE,17,3,CaseBased,TRUE,TRUE
823,3,David,M,1,2,no,2,3,2,0,reputation,13,TRUE,15,4,CaseBased,TRUE,TRUE
974,3,Sarah,F,1,3,no,3,4,2,3,course,9,FALSE,8,7,CaseBased,FALSE,FALSE
743,4,Brian,M,1,3,no,2,2,2,5,reputation,15,TRUE,12,6,None,TRUE,TRUE
859,4,Sarah,F,3,3,yes,1,4,2,0,home,13,TRUE,15,4,None,TRUE,TRUE
972,4,David,M,1,2,yes,3,3,2,2,other,10,TRUE,8,8,None,FALSE,FALSE
272,4,Anna,F,3,2,no,1,3,4,0,reputation,14,TRUE,17,2,None,TRUE,TRUE
852,4,Oliver,M,3,3,no,4,4,3,0,course,10,TRUE,16,3,None,TRUE,TRUE
192,4,Jenny,F,3,2,no,2,3,3,7,reputation,8,FALSE,13,5,None,TRUE,FALSE
348,4,Michael,M,1,3,no,3,3,4,7,home,5,FALSE,9,7,None,FALSE,FALSE
698,4,Lisa,F,2,3,yes,2,4,4,0,home,14,TRUE,19,1,None,TRUE,TRUE
916,5,Jenny,F,2,3,yes,1,3,2,0,course,12,TRUE,18,1,Statistics,TRUE,TRUE
36,5,Oliver,M,3,3,no,1,3,4,1,home,18,TRUE,16,2,Statistics,TRUE,TRUE
213,5,David,M,2,3,yes,3,4,4,7,reputation,9,FALSE,9,7,Statistics,FALSE,FALSE
731,5,Lisa,F,3,2,no,3,3,2,0,home,15,TRUE,14,4,Statistics,TRUE,TRUE
170,5,Sarah,F,2,2,yes,3,3,3,5,reputation,9,FALSE,13,5,Statistics,TRUE,FALSE
90,5,Anna,F,3,2,yes,3,3,3,0,home,8,FALSE,14,3,Statistics,TRUE,FALSE
220,5,Michael,M,2,3,yes,4,4,4,7,course,12,TRUE,12,6,Statistics,TRUE,TRUE
309,5,Brian,M,2,2,yes,3,3,4,7,home,15,TRUE,7,8,Statistics,FALSE,FALSE
503,6,David,M,2,3,yes,3,4,1,0,course,10,TRUE,13,6,None,TRUE,TRUE
73,6,Oliver,M,1,2,no,2,2,3,1,reputation,14,TRUE,13,5,None,TRUE,TRUE
628,6,Michael,M,3,2,yes,1,3,1,1,home,15,TRUE,18,1,None,TRUE,TRUE
820,6,Sarah,F,2,3,yes,3,4,2,7,course,8,FALSE,9,7,None,FALSE,FALSE
23,6,Brian,M,2,3,no,4,4,2,0,reputation,12,TRUE,8,8,None,FALSE,FALSE
326,6,Jenny,F,2,2,yes,4,4,4,0,course,13,TRUE,17,2,None,TRUE,TRUE
629,6,Lisa,F,3,1,yes,3,2,3,7,home,11,TRUE,12,4,None,TRUE,TRUE
718,6,Anna,F,2,3,no,3,4,4,0,course,13,TRUE,17,3,None,TRUE,TRUE
922,7,Oliver,M,1,3,yes,4,3,2,5,course,8,FALSE,9,7,Statistics,FALSE,FALSE
416,7,Jenny,F,2,1,no,1,3,4,1,course,16,TRUE,17,2,Statistics,TRUE,TRUE
387,7,David,M,2,3,no,4,2,4,0,home,11,TRUE,12,6,Statistics,TRUE,TRUE
346,7,Michael,M,1,3,yes,3,3,2,4,other,7,FALSE,7,8,Statistics,FALSE,FALSE
813,7,Anna,F,3,2,no,1,2,1,0,home,13,TRUE,18,1,Statistics,TRUE,TRUE
258,7,Lisa,F,2,3,no,1,4,1,3,home,10,TRUE,15,5,Statistics,TRUE,TRUE
409,7,Brian,M,1,3,no,4,4,4,3,other,9,FALSE,16,4,Statistics,TRUE,FALSE
592,7,Sarah,F,2,2,no,1,1,3,0,other,14,TRUE,17,3,Statistics,TRUE,TRUE
514,8,Lisa,F,1,3,yes,1,2,2,0,home,10,TRUE,12,5,Statistics,TRUE,TRUE
231,8,David,M,1,2,no,3,2,2,0,course,8,FALSE,16,3,Statistics,TRUE,FALSE
533,8,Oliver,M,1,2,no,4,3,3,1,course,8,FALSE,10,6,Statistics,TRUE,FALSE
587,8,Michael,M,2,1,no,4,4,3,7,home,10,TRUE,9,7,Statistics,FALSE,FALSE
567,8,Brian,M,1,2,no,4,4,3,7,home,12,TRUE,7,8,Statistics,FALSE,FALSE
908,8,Jenny,F,1,3,yes,2,4,1,2,course,10,TRUE,14,4,Statistics,TRUE,TRUE
842,8,Sarah,F,3,2,yes,1,2,3,5,course,10,TRUE,17,2,Statistics,TRUE,TRUE
887,8,Anna,F,2,1,yes,1,2,2,0,other,16,TRUE,18,1,Statistics,TRUE,TRUE
954,9,Lisa,F,2,2,yes,2,3,2,4,reputation,12,TRUE,10,6,CaseBased,TRUE,TRUE
362,9,Oliver,M,2,3,no,2,2,4,5,reputation,13,TRUE,5,8,CaseBased,FALSE,FALSE
755,9,Anna,F,3,3,yes,3,3,3,3,other,17,TRUE,13,4,CaseBased,TRUE,TRUE
273,9,David,M,1,3,yes,2,2,4,4,home,16,TRUE,15,2,CaseBased,TRUE,TRUE
285,9,Michael,M,2,3,no,2,2,2,2,course,11,TRUE,15,1,CaseBased,TRUE,TRUE
831,9,Jenny,F,1,3,yes,1,3,2,1,home,8,FALSE,15,3,CaseBased,TRUE,FALSE
671,9,Sarah,F,2,1,yes,2,4,2,7,home,15,TRUE,10,5,CaseBased,TRUE,TRUE
692,9,Brian,M,2,2,yes,4,2,4,1,home,16,TRUE,10,7,CaseBased,TRUE,FALSE
771,10,Sarah,F,1,1,yes,4,4,4,4,home,11,TRUE,10,8,Statistics,TRUE,FALSE
48,10,Michael,M,2,2,no,2,3,4,1,home,14,TRUE,19,1,Statistics,TRUE,TRUE
60,10,Jenny,F,2,3,no,3,4,4,5,other,11,TRUE,17,4,Statistics,TRUE,TRUE
80,10,Brian,M,1,1,yes,3,2,3,1,course,12,TRUE,12,7,Statistics,TRUE,FALSE
145,10,Oliver,M,1,1,no,2,2,2,1,course,15,TRUE,15,6,Statistics,TRUE,TRUE
242,10,David,M,2,3,yes,4,4,3,1,other,10,TRUE,18,2,Statistics,TRUE,TRUE
295,10,Anna,F,3,3,no,3,3,3,0,course,15,TRUE,16,5,Statistics,TRUE,TRUE
840,10,Lisa,F,2,2,no,2,4,2,0,course,11,TRUE,17,3,Statistics,TRUE,TRUE
247,11,Sarah,F,2,3,no,1,3,1,1,home,11,TRUE,18,1,None,TRUE,TRUE
233,11,Michael,M,1,3,no,2,4,1,1,course,8,FALSE,16,2,None,TRUE,TRUE
299,11,Oliver,M,1,3,no,4,4,2,7,course,10,TRUE,12,4,None,TRUE,TRUE
585,11,Anna,F,2,3,no,3,4,3,1,reputation,15,TRUE,9,7,None,FALSE,FALSE
386,11,Brian,M,2,3,yes,4,4,4,3,home,12,TRUE,10,6,None,TRUE,TRUE
764,11,David,M,2,3,no,3,4,2,7,reputation,12,TRUE,11,5,None,TRUE,TRUE
966,11,Lisa,F,2,2,yes,1,4,4,3,course,15,TRUE,14,3,None,TRUE,TRUE
61,11,Jenny,F,1,3,yes,4,4,1,5,course,11,TRUE,7,8,None,FALSE,FALSE
208,12,David,M,2,2,no,3,3,3,1,reputation,12,TRUE,12,5,Statistics,TRUE,TRUE
892,12,Sarah,F,3,2,yes,2,3,2,1,course,11,TRUE,17,2,Statistics,TRUE,TRUE
393,12,Oliver,M,3,3,no,1,3,4,0,home,14,TRUE,19,1,Statistics,TRUE,TRUE
720,12,Jenny,F,1,2,no,2,4,4,1,course,17,TRUE,15,4,Statistics,TRUE,TRUE
485,12,Michael,M,1,3,no,4,4,4,7,course,15,TRUE,9,8,Statistics,FALSE,FALSE
200,12,Anna,F,1,2,no,4,3,3,2,home,8,FALSE,11,7,Statistics,TRUE,FALSE
441,12,Lisa,F,2,2,no,3,2,1,1,home,12,TRUE,15,3,Statistics,TRUE,TRUE
317,12,Brian,M,2,3,no,3,4,3,1,course,13,TRUE,11,6,Statistics,TRUE,TRUE
756,13,Michael,M,3,2,yes,2,2,4,3,course,17,TRUE,19,1,None,TRUE,TRUE
141,13,Anna,F,1,1,yes,1,1,4,0,course,12,TRUE,18,2,None,TRUE,TRUE
390,13,Brian,M,2,2,no,1,2,3,0,course,12,TRUE,18,3,None,TRUE,TRUE
583,13,David,M,2,3,no,4,4,2,7,home,11,TRUE,10,8,None,TRUE,FALSE
880,13,Jenny,F,1,1,yes,2,3,4,0,other,14,TRUE,17,4,None,TRUE,TRUE
304,13,Lisa,F,3,3,no,3,4,4,7,course,15,TRUE,13,6,None,TRUE,TRUE
821,13,Oliver,M,1,1,no,3,3,3,0,home,11,TRUE,11,7,None,TRUE,FALSE
1,13,Sarah,F,2,2,no,1,3,1,3,course,6,FALSE,16,5,None,TRUE,FALSE
632,14,Michael,M,1,2,no,1,3,2,6,course,16,TRUE,14,3,CaseBased,TRUE,TRUE
791,14,Anna,F,2,3,no,2,3,1,0,reputation,10,TRUE,15,2,CaseBased,TRUE,TRUE
311,14,Jenny,F,3,3,yes,3,3,3,6,other,14,TRUE,17,1,CaseBased,TRUE,TRUE
603,14,Brian,M,2,1,no,4,4,4,0,reputation,14,TRUE,5,8,CaseBased,FALSE,FALSE
315,14,Oliver,M,1,3,no,4,4,3,7,course,13,TRUE,13,4,CaseBased,TRUE,TRUE
502,14,Lisa,F,1,2,yes,1,2,3,3,course,10,TRUE,6,7,CaseBased,FALSE,FALSE
989,14,David,M,1,3,no,4,4,3,5,course,10,TRUE,7,6,CaseBased,FALSE,TRUE
873,14,Sarah,F,2,2,no,3,2,4,7,reputation,8,FALSE,12,5,CaseBased,TRUE,FALSE
121,15,Brian,M,3,3,no,2,4,2,5,home,15,TRUE,16,3,None,TRUE,TRUE
167,15,Oliver,M,2,2,yes,3,4,3,7,other,11,TRUE,8,8,None,FALSE,FALSE
52,15,David,M,1,3,no,4,4,4,5,other,10,TRUE,14,4,None,TRUE,TRUE
590,15,Lisa,F,2,1,no,2,4,2,0,reputation,11,TRUE,12,6,None,TRUE,TRUE
14,15,Michael,M,3,3,yes,1,2,2,0,home,16,TRUE,13,5,None,TRUE,TRUE
537,15,Sarah,F,2,1,yes,1,3,4,0,home,18,TRUE,10,7,None,TRUE,FALSE
957,15,Anna,F,3,1,yes,1,1,2,4,home,15,TRUE,20,1,None,TRUE,TRUE
136,15,Jenny,F,2,3,no,2,2,1,0,course,11,TRUE,19,2,None,TRUE,TRUE
662,16,Michael,M,2,1,no,4,4,4,5,reputation,16,TRUE,18,2,Statistics,TRUE,TRUE
787,16,Anna,F,2,3,yes,2,4,3,0,course,10,TRUE,15,4,Statistics,TRUE,TRUE
745,16,Lisa,F,2,2,yes,1,3,2,0,home,12,TRUE,18,3,Statistics,TRUE,TRUE
79,16,Sarah,F,2,3,no,2,3,4,7,course,5,FALSE,20,1,Statistics,TRUE,TRUE
605,16,Oliver,M,3,2,yes,3,3,3,0,reputation,12,TRUE,10,8,Statistics,TRUE,FALSE
963,16,Jenny,F,3,2,no,1,2,1,0,course,18,TRUE,14,5,Statistics,TRUE,TRUE
519,16,Brian,M,1,3,no,4,4,2,0,course,11,TRUE,13,6,Statistics,TRUE,TRUE
740,16,David,M,1,2,yes,2,4,3,0,home,10,TRUE,12,7,Statistics,TRUE,FALSE
454,17,Lisa,F,2,2,yes,1,4,2,0,course,12,TRUE,15,2,None,TRUE,TRUE
223,17,Brian,M,1,2,no,1,3,2,5,course,18,TRUE,7,8,None,FALSE,FALSE
398,17,Michael,M,1,3,yes,4,3,4,7,home,11,TRUE,8,7,None,FALSE,FALSE
250,17,Anna,F,2,3,yes,3,4,2,5,course,12,TRUE,13,4,None,TRUE,TRUE
513,17,Sarah,F,2,3,no,2,2,1,0,course,12,TRUE,18,1,None,TRUE,TRUE
839,17,Jenny,F,1,2,no,2,4,2,5,home,8,FALSE,8,6,None,FALSE,FALSE
687,17,David,M,2,2,no,2,3,1,0,reputation,12,TRUE,15,3,None,TRUE,TRUE
263,17,Oliver,M,3,1,no,3,4,2,5,reputation,14,TRUE,10,5,None,TRUE,TRUE
117,18,David,M,1,3,no,1,2,3,0,home,13,TRUE,16,3,CaseBased,TRUE,TRUE
57,18,Michael,M,2,1,no,1,2,4,3,reputation,15,TRUE,15,7,CaseBased,TRUE,FALSE
341,18,Sarah,F,3,3,yes,1,3,4,3,course,15,TRUE,17,2,CaseBased,TRUE,TRUE
75,18,Brian,M,2,2,no,3,3,4,5,home,10,TRUE,16,5,CaseBased,TRUE,TRUE
488,18,Anna,F,2,3,yes,3,4,2,7,reputation,8,FALSE,15,6,CaseBased,TRUE,FALSE
856,18,Oliver,M,1,1,no,4,4,4,7,course,13,TRUE,9,8,CaseBased,FALSE,FALSE
10,18,Lisa,F,2,2,no,2,3,4,0,reputation,9,FALSE,16,4,CaseBased,TRUE,FALSE
426,18,Jenny,F,3,3,no,3,2,3,5,reputation,15,TRUE,20,1,CaseBased,TRUE,TRUE
105,19,Anna,F,3,2,no,1,3,3,7,reputation,11,TRUE,15,3,Statistics,TRUE,TRUE
722,19,Sarah,F,2,2,no,1,3,3,0,home,13,TRUE,12,5,Statistics,TRUE,TRUE
855,19,David,M,1,2,yes,4,4,2,7,course,7,FALSE,7,7,Statistics,FALSE,FALSE
109,19,Lisa,F,3,3,yes,1,4,4,3,other,16,TRUE,17,1,Statistics,TRUE,TRUE
221,19,Brian,M,2,2,no,3,3,4,1,course,12,TRUE,12,6,Statistics,TRUE,TRUE
42,19,Oliver,M,2,2,no,1,3,4,1,course,18,TRUE,16,2,Statistics,TRUE,TRUE
910,19,Michael,M,1,3,no,4,4,2,3,course,11,TRUE,6,8,Statistics,FALSE,FALSE
659,19,Jenny,F,3,1,no,1,3,3,1,home,13,TRUE,13,4,Statistics,TRUE,TRUE
144,20,Sarah,F,1,1,no,4,4,1,5,course,10,TRUE,10,6,CaseBased,TRUE,TRUE
19,20,Brian,M,1,1,no,3,3,4,3,home,10,TRUE,8,7,CaseBased,FALSE,FALSE
877,20,Michael,M,3,3,yes,4,4,4,1,home,6,FALSE,14,3,CaseBased,TRUE,FALSE
384,20,Oliver,M,1,1,no,4,4,4,0,other,11,TRUE,11,5,CaseBased,TRUE,TRUE
935,20,Jenny,F,1,3,no,1,3,1,0,course,11,TRUE,18,1,CaseBased,TRUE,TRUE
802,20,David,M,1,3,yes,4,4,2,7,other,9,FALSE,6,8,CaseBased,FALSE,FALSE
615,20,Lisa,F,3,2,yes,2,2,1,7,course,10,TRUE,16,2,CaseBased,TRUE,TRUE
876,20,Anna,F,2,2,yes,2,4,4,3,course,8,FALSE,13,4,CaseBased,TRUE,FALSE
553,21,Jenny,F,2,2,yes,3,3,3,7,reputation,14,TRUE,7,6,Statistics,FALSE,TRUE
461,21,Michael,M,2,3,no,1,4,4,0,course,16,TRUE,11,5,Statistics,TRUE,TRUE
704,21,Anna,F,3,2,no,1,3,4,0,reputation,16,TRUE,18,1,Statistics,TRUE,TRUE
469,21,Sarah,F,2,1,no,1,2,2,7,home,10,TRUE,12,4,Statistics,TRUE,TRUE
769,21,David,M,2,2,yes,2,3,1,7,course,10,TRUE,4,8,Statistics,FALSE,FALSE
878,21,Lisa,F,2,1,no,1,1,4,1,other,8,FALSE,17,2,Statistics,TRUE,TRUE
559,21,Oliver,M,2,1,no,4,3,2,5,home,10,TRUE,5,7,Statistics,FALSE,FALSE
458,21,Brian,M,3,3,yes,1,3,4,0,other,16,TRUE,15,3,Statistics,TRUE,TRUE
15,22,Sarah,F,1,3,no,2,4,4,3,home,14,TRUE,13,4,None,TRUE,TRUE
960,22,Anna,F,2,2,no,2,3,4,1,other,12,TRUE,18,1,None,TRUE,TRUE
734,22,David,M,1,2,no,4,4,3,0,reputation,17,TRUE,8,8,None,FALSE,FALSE
475,22,Oliver,M,2,1,no,4,4,3,7,course,11,TRUE,11,6,None,TRUE,TRUE
352,22,Michael,M,2,3,no,4,4,2,7,course,9,FALSE,10,7,None,TRUE,FALSE
854,22,Lisa,F,1,1,yes,2,4,2,0,course,16,TRUE,15,3,None,TRUE,TRUE
196,22,Jenny,F,1,1,no,2,1,4,7,other,10,TRUE,13,5,None,TRUE,TRUE
30,22,Brian,M,2,3,no,4,2,4,0,home,12,TRUE,16,2,None,TRUE,TRUE
335,23,Lisa,F,2,1,yes,1,2,3,3,home,9,FALSE,15,1,Statistics,TRUE,TRUE
473,23,Michael,M,2,3,no,1,3,4,3,reputation,16,TRUE,5,8,Statistics,FALSE,FALSE
157,23,Oliver,M,2,3,no,4,4,4,3,course,9,FALSE,6,7,Statistics,FALSE,FALSE
164,23,Anna,F,2,3,no,3,2,4,0,reputation,17,TRUE,12,4,Statistics,TRUE,TRUE
84,23,Sarah,F,2,2,no,3,2,1,1,home,10,TRUE,8,5,Statistics,FALSE,TRUE
76,23,Brian,M,3,3,no,1,3,4,7,course,10,TRUE,13,3,Statistics,TRUE,TRUE
411,23,Jenny,F,1,2,no,4,4,3,0,other,13,TRUE,14,2,Statistics,TRUE,TRUE
199,23,David,M,2,1,no,4,4,3,7,home,8,FALSE,7,6,Statistics,FALSE,FALSE
11,24,Jenny,F,3,1,no,1,2,2,3,reputation,12,TRUE,19,1,Statistics,TRUE,TRUE
889,24,Brian,M,2,3,no,3,4,2,7,course,10,TRUE,6,6,Statistics,FALSE,TRUE
733,24,David,M,3,2,no,2,3,4,0,course,13,TRUE,18,2,Statistics,TRUE,TRUE
845,24,Anna,F,1,1,yes,1,3,1,3,course,10,TRUE,4,7,Statistics,FALSE,FALSE
289,24,Sarah,F,3,2,yes,1,4,4,7,course,9,FALSE,17,3,Statistics,TRUE,FALSE
319,24,Michael,M,1,3,no,3,4,1,3,home,8,FALSE,3,8,Statistics,FALSE,FALSE
827,24,Lisa,F,1,2,yes,1,2,2,0,home,16,TRUE,10,5,Statistics,TRUE,TRUE
389,24,Oliver,M,2,3,yes,1,2,4,0,course,15,TRUE,14,4,Statistics,TRUE,TRUE
227,25,Oliver,M,1,2,no,4,2,2,0,other,15,TRUE,7,8,None,FALSE,FALSE
162,25,Michael,M,2,3,no,3,3,4,7,home,8,FALSE,14,4,None,TRUE,FALSE
773,25,Sarah,F,3,2,yes,2,4,3,4,reputation,17,TRUE,10,7,None,TRUE,FALSE
971,25,Anna,F,1,1,yes,2,3,3,0,course,10,TRUE,14,3,None,TRUE,TRUE
331,25,Brian,M,2,2,no,4,4,3,3,course,10,TRUE,11,6,None,TRUE,TRUE
556,25,David,M,1,2,yes,2,3,2,0,other,11,TRUE,12,5,None,TRUE,TRUE
676,25,Lisa,F,2,3,yes,1,4,4,1,reputation,13,TRUE,15,2,None,TRUE,TRUE
24,25,Jenny,F,3,2,no,1,2,4,1,course,8,FALSE,18,1,None,TRUE,TRUE
270,26,Michael,M,1,3,no,3,3,3,3,home,11,TRUE,7,8,CaseBased,FALSE,FALSE
912,26,David,M,1,3,yes,4,4,2,0,course,10,TRUE,12,5,CaseBased,TRUE,TRUE
554,26,Sarah,F,2,1,no,2,2,3,7,reputation,16,TRUE,14,4,CaseBased,TRUE,TRUE
613,26,Oliver,M,1,1,no,2,1,4,5,course,9,FALSE,8,7,CaseBased,FALSE,FALSE
86,26,Lisa,F,2,2,no,2,4,2,3,course,6,FALSE,17,2,CaseBased,TRUE,TRUE
872,26,Jenny,F,1,3,no,4,4,2,0,reputation,15,TRUE,10,6,CaseBased,TRUE,TRUE
982,26,Brian,M,2,3,no,1,3,3,3,home,16,TRUE,17,3,CaseBased,TRUE,TRUE
515,26,Anna,F,2,2,no,1,2,3,1,home,11,TRUE,18,1,CaseBased,TRUE,TRUE
493,27,David,M,1,1,no,1,1,2,3,course,11,TRUE,15,4,Statistics,TRUE,TRUE
868,27,Sarah,F,1,1,no,3,3,3,0,course,8,FALSE,13,6,Statistics,TRUE,FALSE
897,27,Oliver,M,1,2,yes,3,3,4,1,course,8,FALSE,15,5,Statistics,TRUE,FALSE
380,27,Brian,M,2,3,no,4,4,2,1,reputation,10,TRUE,18,3,Statistics,TRUE,TRUE
71,27,Michael,M,3,2,no,1,3,4,0,course,10,TRUE,20,1,Statistics,TRUE,TRUE
425,27,Lisa,F,2,1,no,3,3,2,0,reputation,11,TRUE,20,2,Statistics,TRUE,TRUE
501,27,Jenny,F,1,2,yes,2,3,1,7,reputation,11,TRUE,6,8,Statistics,FALSE,FALSE
630,27,Anna,F,2,2,yes,1,2,1,7,course,10,TRUE,8,7,Statistics,FALSE,FALSE
741,28,Sarah,F,2,1,yes,1,4,2,1,course,10,TRUE,12,4,Statistics,TRUE,TRUE
653,28,Brian,M,1,1,no,1,2,2,0,other,10,TRUE,10,6,Statistics,TRUE,TRUE
163,28,Oliver,M,2,1,yes,2,3,3,1,home,12,TRUE,14,3,Statistics,TRUE,TRUE
923,28,David,M,1,3,yes,3,3,2,3,course,9,FALSE,8,7,Statistics,FALSE,FALSE
614,28,Lisa,F,2,3,no,1,2,3,3,course,15,TRUE,12,5,Statistics,TRUE,TRUE
947,28,Michael,M,1,1,no,4,4,2,7,home,11,TRUE,6,8,Statistics,FALSE,FALSE
442,28,Anna,F,2,3,yes,3,4,4,3,reputation,12,TRUE,18,1,Statistics,TRUE,TRUE
498,28,Jenny,F,2,1,no,1,3,1,0,course,13,TRUE,14,2,Statistics,TRUE,TRUE
909,29,Anna,F,3,2,yes,1,4,2,4,home,13,TRUE,16,2,CaseBased,TRUE,TRUE
115,29,Michael,M,2,3,no,2,4,4,1,course,16,TRUE,14,4,CaseBased,TRUE,TRUE
197,29,Lisa,F,2,3,no,3,4,3,1,reputation,15,TRUE,11,5,CaseBased,TRUE,TRUE
245,29,Jenny,F,2,2,no,3,4,3,7,home,9,FALSE,8,7,CaseBased,FALSE,FALSE
706,29,Oliver,M,3,2,yes,1,1,2,0,course,11,TRUE,18,1,CaseBased,TRUE,TRUE
680,29,David,M,1,3,no,4,4,2,7,home,11,TRUE,5,8,CaseBased,FALSE,FALSE
546,29,Sarah,F,2,3,no,4,4,2,0,reputation,14,TRUE,10,6,CaseBased,TRUE,TRUE
20,29,Brian,M,2,3,no,1,1,4,0,reputation,15,TRUE,16,3,CaseBased,TRUE,TRUE
110,30,Michael,M,1,3,no,1,3,4,5,course,19,TRUE,9,7,Statistics,FALSE,FALSE
64,30,Anna,F,2,3,yes,4,4,4,0,reputation,10,TRUE,12,6,Statistics,TRUE,TRUE
212,30,David,M,2,3,no,1,2,2,3,course,11,TRUE,13,4,Statistics,TRUE,TRUE
51,30,Jenny,F,2,2,no,1,3,4,1,other,13,TRUE,19,1,Statistics,TRUE,TRUE
372,30,Lisa,F,1,3,no,2,4,4,5,home,17,TRUE,7,8,Statistics,FALSE,FALSE
94,30,Oliver,M,3,2,no,1,4,2,5,reputation,14,TRUE,18,3,Statistics,TRUE,TRUE
538,30,Sarah,F,2,1,no,1,4,2,0,home,13,TRUE,18,2,Statistics,TRUE,TRUE
702,30,Brian,M,1,1,no,2,1,4,0,home,13,TRUE,12,5,Statistics,TRUE,TRUE
140,31,Sarah,F,3,1,yes,3,1,3,7,reputation,10,TRUE,12,7,CaseBased,TRUE,FALSE
159,31,Michael,M,2,2,no,4,4,3,3,reputation,6,FALSE,13,5,CaseBased,TRUE,FALSE
459,31,Oliver,M,1,2,no,1,3,4,1,course,12,TRUE,13,4,CaseBased,TRUE,TRUE
379,31,David,M,2,3,no,3,1,4,0,course,14,TRUE,12,6,CaseBased,TRUE,TRUE
509,31,Brian,M,1,2,no,2,3,2,3,reputation,11,TRUE,15,1,CaseBased,TRUE,TRUE
712,31,Jenny,F,1,3,no,1,4,4,1,course,17,TRUE,13,3,CaseBased,TRUE,TRUE
69,31,Anna,F,3,3,no,3,2,3,7,reputation,16,TRUE,0,8,CaseBased,FALSE,FALSE
203,31,Lisa,F,2,2,no,1,1,3,1,other,17,TRUE,14,2,CaseBased,TRUE,TRUE
835,32,Anna,F,1,3,yes,1,4,3,0,course,10,TRUE,10,6,Statistics,TRUE,TRUE
902,32,Lisa,F,2,3,yes,2,4,1,1,other,11,TRUE,15,3,Statistics,TRUE,TRUE
626,32,David,M,1,2,no,2,2,4,3,course,15,TRUE,10,7,Statistics,TRUE,FALSE
405,32,Brian,M,2,2,no,2,3,4,3,home,13,TRUE,15,2,Statistics,TRUE,TRUE
753,32,Jenny,F,2,2,yes,2,1,2,7,home,14,TRUE,10,5,Statistics,TRUE,TRUE
355,32,Michael,M,1,3,no,4,1,3,0,course,10,TRUE,10,8,Statistics,TRUE,FALSE
440,32,Oliver,M,2,2,no,3,3,2,1,home,13,TRUE,12,4,Statistics,TRUE,TRUE
373,32,Sarah,F,3,1,no,2,3,4,7,reputation,14,TRUE,18,1,Statistics,TRUE,TRUE
933,33,Sarah,F,2,2,no,1,3,2,1,course,8,FALSE,17,3,Statistics,TRUE,FALSE
238,33,Michael,M,2,2,no,1,2,4,1,course,8,FALSE,17,2,Statistics,TRUE,TRUE
709,33,Anna,F,2,3,yes,2,4,4,1,home,11,TRUE,16,4,Statistics,TRUE,TRUE
728,33,Jenny,F,2,1,yes,1,2,2,3,course,13,TRUE,14,6,Statistics,TRUE,TRUE
466,33,Lisa,F,3,3,yes,1,4,4,1,other,14,TRUE,17,1,Statistics,TRUE,TRUE
480,33,David,M,1,3,no,4,4,4,3,course,13,TRUE,12,7,Statistics,TRUE,FALSE
226,33,Oliver,M,2,2,yes,3,3,3,7,course,5,FALSE,9,8,Statistics,FALSE,FALSE
623,33,Brian,M,2,3,yes,4,4,4,7,course,15,TRUE,15,5,Statistics,TRUE,TRUE
371,34,David,M,3,3,yes,1,2,2,0,home,15,TRUE,17,5,CaseBased,TRUE,TRUE
848,34,Anna,F,1,3,no,4,4,1,4,course,10,TRUE,9,8,CaseBased,FALSE,FALSE
432,34,Michael,M,2,2,no,3,3,4,0,home,11,TRUE,14,6,CaseBased,TRUE,TRUE
276,34,Jenny,F,3,2,no,1,3,4,0,reputation,14,TRUE,20,1,CaseBased,TRUE,TRUE
506,34,Oliver,M,3,1,no,1,2,4,5,course,11,TRUE,19,3,CaseBased,TRUE,TRUE
881,34,Brian,M,3,1,no,2,3,2,0,other,10,TRUE,18,4,CaseBased,TRUE,TRUE
127,34,Lisa,F,2,3,no,1,2,1,1,course,9,FALSE,19,2,CaseBased,TRUE,TRUE
571,34,Sarah,F,2,3,no,3,3,3,3,reputation,12,TRUE,12,7,CaseBased,TRUE,FALSE
439,35,Jenny,F,2,3,no,1,4,3,3,reputation,11,TRUE,10,5,CaseBased,TRUE,TRUE
474,35,David,M,1,3,no,1,2,3,5,home,15,TRUE,8,8,CaseBased,FALSE,FALSE
643,35,Michael,M,1,3,no,2,4,1,0,course,10,TRUE,11,3,CaseBased,TRUE,TRUE
552,35,Anna,F,2,3,no,3,2,4,0,reputation,17,TRUE,18,1,CaseBased,TRUE,TRUE
901,35,Oliver,M,1,1,no,1,2,4,0,other,11,TRUE,12,2,CaseBased,TRUE,TRUE
156,35,Lisa,F,2,3,no,1,4,3,3,reputation,9,FALSE,11,4,CaseBased,TRUE,FALSE
516,35,Sarah,F,2,2,no,1,2,2,5,course,13,TRUE,10,6,CaseBased,TRUE,TRUE
920,35,Brian,M,1,1,no,1,1,3,3,course,9,FALSE,10,7,CaseBased,TRUE,FALSE
838,36,Jenny,F,2,3,no,2,4,2,0,course,11,TRUE,18,3,None,TRUE,TRUE
261,36,Anna,F,3,2,no,2,3,2,4,other,19,TRUE,17,4,None,TRUE,TRUE
435,36,Brian,M,1,3,no,1,1,2,0,home,10,TRUE,19,2,None,TRUE,TRUE
347,36,Oliver,M,2,3,no,1,3,3,1,home,10,TRUE,15,6,None,TRUE,TRUE
423,36,David,M,3,2,yes,4,3,4,0,reputation,12,TRUE,16,5,None,TRUE,TRUE
6,36,Michael,M,2,3,no,1,4,2,0,home,11,TRUE,20,1,None,TRUE,TRUE
694,36,Lisa,F,3,1,no,1,2,3,0,reputation,19,TRUE,10,7,None,TRUE,FALSE
134,36,Sarah,F,3,1,no,1,2,4,1,course,11,TRUE,9,8,None,FALSE,FALSE
322,37,Jenny,F,2,2,no,2,3,4,3,other,13,TRUE,15,3,None,TRUE,TRUE
684,37,Lisa,F,2,3,no,1,4,1,0,home,13,TRUE,12,4,None,TRUE,TRUE
324,37,David,M,1,2,yes,2,2,1,3,home,10,TRUE,11,5,None,TRUE,TRUE
666,37,Anna,F,2,2,yes,2,4,2,7,reputation,10,TRUE,7,7,None,FALSE,FALSE
118,37,Oliver,M,2,1,no,4,4,3,7,course,8,FALSE,6,8,None,FALSE,FALSE
810,37,Sarah,F,2,3,no,3,2,2,0,home,9,FALSE,17,1,None,TRUE,TRUE
318,37,Brian,M,1,2,yes,3,3,3,6,course,8,FALSE,9,6,None,FALSE,FALSE
529,37,Michael,M,1,3,no,4,4,2,0,course,10,TRUE,16,2,None,TRUE,TRUE
308,38,Sarah,F,3,2,yes,3,4,2,3,home,11,TRUE,14,4,None,TRUE,TRUE
349,38,Anna,F,3,2,no,3,3,2,1,other,10,TRUE,14,5,None,TRUE,TRUE
914,38,Brian,M,1,3,yes,3,4,1,0,course,10,TRUE,13,7,None,TRUE,FALSE
174,38,Michael,M,2,3,no,4,4,2,7,other,8,FALSE,12,8,None,TRUE,FALSE
343,38,Lisa,F,2,1,yes,2,3,3,0,home,15,TRUE,15,3,None,TRUE,TRUE
264,38,David,M,2,3,no,1,3,4,7,reputation,15,TRUE,14,6,None,TRUE,TRUE
811,38,Jenny,F,2,3,yes,1,3,1,0,course,15,TRUE,18,1,None,TRUE,TRUE
415,38,Oliver,M,2,2,no,1,2,2,0,home,14,TRUE,18,2,None,TRUE,TRUE
278,39,David,M,2,3,yes,1,4,3,7,home,13,TRUE,12,4,None,TRUE,TRUE
476,39,Brian,M,1,3,no,2,3,4,1,reputation,14,TRUE,11,5,None,TRUE,TRUE
649,39,Lisa,F,3,3,no,3,3,1,3,home,14,TRUE,17,1,None,TRUE,TRUE
558,39,Anna,F,2,2,yes,3,3,3,7,reputation,14,TRUE,10,7,None,TRUE,FALSE
799,39,Michael,M,2,3,no,2,4,4,3,other,11,TRUE,10,6,None,TRUE,TRUE
600,39,Jenny,F,2,1,yes,2,3,4,0,reputation,12,TRUE,15,2,None,TRUE,TRUE
188,39,Sarah,F,2,2,no,2,3,3,4,course,7,FALSE,13,3,None,TRUE,FALSE
564,39,Oliver,M,1,2,no,1,3,3,0,home,12,TRUE,10,8,None,TRUE,FALSE
120,40,Sarah,F,2,1,no,2,3,2,1,course,15,TRUE,18,2,Statistics,TRUE,TRUE
817,40,Jenny,F,2,1,no,2,1,1,0,course,14,TRUE,18,1,Statistics,TRUE,TRUE
927,40,Anna,F,1,3,no,4,4,4,7,course,10,TRUE,12,7,Statistics,TRUE,FALSE
139,40,Oliver,M,1,3,yes,4,4,2,5,course,14,TRUE,11,8,Statistics,TRUE,FALSE
465,40,David,M,3,2,yes,4,4,4,7,home,11,TRUE,15,6,Statistics,TRUE,TRUE
183,40,Lisa,F,2,3,no,3,3,3,5,reputation,10,TRUE,15,5,Statistics,TRUE,TRUE
345,40,Brian,M,2,1,no,4,4,4,3,home,14,TRUE,16,3,Statistics,TRUE,TRUE
508,40,Michael,M,3,2,no,3,3,4,0,course,13,TRUE,15,4,Statistics,TRUE,TRUE
185,41,Anna,F,1,2,no,2,2,2,7,reputation,6,FALSE,13,8,Statistics,TRUE,FALSE
491,41,Lisa,F,1,3,yes,3,4,2,1,course,12,TRUE,14,7,Statistics,TRUE,FALSE
53,41,Sarah,F,1,2,no,3,4,4,0,course,11,TRUE,19,2,Statistics,TRUE,TRUE
634,41,Brian,M,1,1,no,1,2,3,1,course,13,TRUE,18,3,Statistics,TRUE,TRUE
375,41,David,M,1,3,no,4,4,3,1,course,7,FALSE,16,5,Statistics,TRUE,FALSE
265,41,Michael,M,2,2,yes,4,2,4,7,home,11,TRUE,17,4,Statistics,TRUE,TRUE
342,41,Jenny,F,2,3,no,4,3,4,3,course,10,TRUE,20,1,Statistics,TRUE,TRUE
931,41,Oliver,M,1,2,yes,3,3,3,0,course,9,FALSE,15,6,Statistics,TRUE,FALSE
774,42,Brian,M,1,1,no,4,3,3,7,reputation,14,TRUE,8,8,CaseBased,FALSE,FALSE
54,42,Anna,F,1,2,no,4,4,3,5,other,13,TRUE,10,5,CaseBased,TRUE,TRUE
657,42,Michael,M,2,2,no,1,2,4,1,course,11,TRUE,18,2,CaseBased,TRUE,TRUE
470,42,Oliver,M,1,3,no,1,2,4,7,course,18,TRUE,13,4,CaseBased,TRUE,TRUE
742,42,Jenny,F,3,3,yes,1,3,4,0,course,15,TRUE,19,1,CaseBased,TRUE,TRUE
633,42,Lisa,F,2,2,no,2,4,1,3,course,11,TRUE,14,3,CaseBased,TRUE,TRUE
354,42,David,M,1,3,no,3,3,1,2,course,7,FALSE,10,6,CaseBased,TRUE,FALSE
165,42,Sarah,F,2,2,yes,3,3,3,7,reputation,8,FALSE,9,7,CaseBased,FALSE,FALSE
325,43,Sarah,F,3,2,no,1,2,1,0,course,16,TRUE,19,1,CaseBased,TRUE,TRUE
313,43,David,M,3,3,yes,3,4,4,0,course,9,FALSE,17,2,CaseBased,TRUE,TRUE
566,43,Michael,M,1,1,no,2,3,4,3,home,14,TRUE,10,6,CaseBased,TRUE,TRUE
768,43,Lisa,F,2,1,no,1,2,4,0,course,17,TRUE,15,3,CaseBased,TRUE,TRUE
661,43,Brian,M,1,3,no,3,4,2,7,home,9,FALSE,7,8,CaseBased,FALSE,FALSE
329,43,Jenny,F,2,2,yes,1,4,4,0,course,15,TRUE,12,5,CaseBased,TRUE,TRUE
751,43,Oliver,M,2,2,no,2,3,4,0,home,13,TRUE,13,4,CaseBased,TRUE,TRUE
794,43,Anna,F,1,3,no,3,4,3,1,course,12,TRUE,8,7,CaseBased,FALSE,FALSE
862,44,Jenny,F,3,2,yes,1,3,1,0,course,10,TRUE,12,3,Statistics,TRUE,TRUE
494,44,Lisa,F,1,2,no,1,4,2,7,home,11,TRUE,10,7,Statistics,TRUE,FALSE
807,44,Sarah,F,2,3,no,1,4,2,3,course,11,TRUE,11,4,Statistics,TRUE,TRUE
412,44,Anna,F,2,2,yes,1,4,2,1,other,12,TRUE,17,2,Statistics,TRUE,TRUE
438,44,Brian,M,3,2,no,2,2,3,1,home,9,FALSE,20,1,Statistics,TRUE,TRUE
151,44,Michael,M,2,2,no,4,4,2,3,course,10,TRUE,9,8,Statistics,FALSE,FALSE
844,44,David,M,1,3,no,4,3,1,0,home,10,TRUE,11,5,Statistics,TRUE,TRUE
499,44,Oliver,M,1,2,yes,4,4,3,1,course,12,TRUE,10,6,Statistics,TRUE,TRUE
815,45,Anna,F,2,2,no,1,3,1,0,home,11,TRUE,16,2,CaseBased,TRUE,TRUE
962,45,Michael,M,1,2,yes,2,2,1,1,home,14,TRUE,12,4,CaseBased,TRUE,TRUE
681,45,Brian,M,1,3,yes,4,4,4,7,home,10,TRUE,4,8,CaseBased,FALSE,FALSE
98,45,Sarah,F,1,2,no,2,4,4,5,reputation,14,TRUE,10,5,CaseBased,TRUE,TRUE
545,45,David,M,2,3,no,4,4,4,0,course,11,TRUE,8,6,CaseBased,FALSE,TRUE
395,45,Jenny,F,3,2,no,1,2,4,1,course,12,TRUE,18,1,CaseBased,TRUE,TRUE
762,45,Lisa,F,1,1,yes,1,2,3,5,home,13,TRUE,14,3,CaseBased,TRUE,TRUE
598,45,Oliver,M,2,2,yes,4,2,2,1,course,11,TRUE,6,7,CaseBased,FALSE,FALSE
364,46,Sarah,F,2,1,no,1,4,4,1,home,13,TRUE,15,2,Statistics,TRUE,TRUE
243,46,Jenny,F,2,2,no,2,4,4,7,reputation,11,TRUE,14,3,Statistics,TRUE,TRUE
125,46,Brian,M,1,3,no,2,4,4,0,home,12,TRUE,16,1,Statistics,TRUE,TRUE
453,46,Oliver,M,1,2,no,1,3,4,5,reputation,11,TRUE,13,4,Statistics,TRUE,TRUE
5,46,David,M,2,3,no,2,2,4,7,reputation,15,TRUE,12,5,Statistics,TRUE,TRUE
77,46,Lisa,F,3,1,yes,3,3,2,0,reputation,11,TRUE,10,7,Statistics,TRUE,FALSE
187,46,Anna,F,3,3,yes,4,3,4,7,home,9,FALSE,11,6,Statistics,TRUE,FALSE
641,46,Michael,M,1,2,no,3,2,2,1,course,12,TRUE,9,8,Statistics,FALSE,FALSE
420,47,Jenny,F,3,3,no,4,4,4,0,home,13,TRUE,15,4,Statistics,TRUE,TRUE
812,47,David,M,1,3,no,4,4,2,3,reputation,11,TRUE,9,8,Statistics,FALSE,FALSE
985,47,Sarah,F,1,3,yes,2,3,4,3,reputation,10,TRUE,18,1,Statistics,TRUE,TRUE
729,47,Lisa,F,3,2,no,2,2,2,0,course,10,TRUE,17,2,Statistics,TRUE,TRUE
696,47,Michael,M,1,3,no,3,3,3,0,home,15,TRUE,10,7,Statistics,TRUE,FALSE
670,47,Brian,M,2,3,yes,2,2,2,1,home,18,TRUE,14,5,Statistics,TRUE,TRUE
609,47,Anna,F,2,2,no,1,3,4,7,course,10,TRUE,16,3,Statistics,TRUE,TRUE
563,47,Oliver,M,1,2,no,4,2,3,0,reputation,10,TRUE,13,6,Statistics,TRUE,TRUE
462,48,Anna,F,3,2,no,1,3,3,7,reputation,10,TRUE,15,4,CaseBased,TRUE,TRUE
300,48,Jenny,F,3,3,no,3,4,4,6,course,9,FALSE,14,5,CaseBased,TRUE,FALSE
133,48,David,M,1,2,no,2,3,2,7,reputation,9,FALSE,10,8,CaseBased,TRUE,FALSE
365,48,Michael,M,2,1,no,1,2,3,0,home,17,TRUE,17,3,CaseBased,TRUE,TRUE
406,48,Sarah,F,2,3,no,1,4,4,1,other,12,TRUE,18,2,CaseBased,TRUE,TRUE
677,48,Lisa,F,3,1,yes,1,3,2,7,reputation,15,TRUE,13,6,CaseBased,TRUE,TRUE
433,48,Oliver,M,3,3,no,1,3,4,0,course,11,TRUE,19,1,CaseBased,TRUE,TRUE
138,48,Brian,M,1,3,no,4,4,2,0,course,10,TRUE,11,7,CaseBased,TRUE,FALSE
286,49,Anna,F,2,1,yes,2,2,3,7,reputation,11,TRUE,10,3,CaseBased,TRUE,TRUE
640,49,Oliver,M,1,1,no,4,4,2,3,other,6,FALSE,6,8,CaseBased,FALSE,FALSE
950,49,Jenny,F,2,2,yes,1,1,2,3,course,10,TRUE,15,1,CaseBased,TRUE,TRUE
130,49,Sarah,F,1,1,no,4,1,4,7,course,11,TRUE,7,7,CaseBased,FALSE,FALSE
915,49,Michael,M,2,2,no,4,3,1,5,course,10,TRUE,9,4,CaseBased,FALSE,TRUE
581,49,David,M,2,2,yes,4,4,4,7,home,12,TRUE,8,5,CaseBased,FALSE,TRUE
478,49,Brian,M,3,3,no,2,4,2,5,home,13,TRUE,10,2,CaseBased,TRUE,TRUE
789,49,Lisa,F,1,3,yes,4,1,4,0,course,14,TRUE,8,6,CaseBased,FALSE,TRUE
512,50,Oliver,M,1,3,no,2,4,2,7,home,6,FALSE,7,7,CaseBased,FALSE,FALSE
530,50,Michael,M,1,2,yes,2,2,2,7,course,9,FALSE,10,6,CaseBased,TRUE,FALSE
783,50,Anna,F,2,3,no,2,2,3,0,course,17,TRUE,18,1,CaseBased,TRUE,TRUE
402,50,Jenny,F,2,1,yes,1,2,4,3,course,11,TRUE,12,5,CaseBased,TRUE,TRUE
256,50,David,M,1,3,no,4,4,3,7,home,10,TRUE,4,8,CaseBased,FALSE,FALSE
648,50,Sarah,F,3,2,no,3,4,4,1,course,14,TRUE,15,4,CaseBased,TRUE,TRUE
177,50,Lisa,F,2,2,yes,1,2,4,0,course,15,TRUE,17,2,CaseBased,TRUE,TRUE
717,50,Brian,M,2,3,yes,1,4,4,7,course,10,TRUE,15,3,CaseBased,TRUE,TRUE
45,51,Anna,F,2,1,yes,1,2,4,7,course,6,FALSE,14,5,Statistics,TRUE,FALSE
376,51,Oliver,M,1,1,no,3,3,4,5,home,12,TRUE,16,3,Statistics,TRUE,TRUE
235,51,David,M,2,2,no,1,1,4,7,reputation,11,TRUE,10,6,Statistics,TRUE,TRUE
790,51,Lisa,F,3,1,yes,1,1,2,3,reputation,11,TRUE,17,2,Statistics,TRUE,TRUE
939,51,Sarah,F,1,3,no,1,1,2,0,course,10,TRUE,18,1,Statistics,TRUE,TRUE
230,51,Michael,M,1,1,no,4,4,2,3,other,8,FALSE,8,8,Statistics,FALSE,FALSE
160,51,Brian,M,1,2,yes,4,3,4,7,other,9,FALSE,10,7,Statistics,TRUE,FALSE
967,51,Jenny,F,2,1,no,2,2,2,0,course,13,TRUE,15,4,Statistics,TRUE,TRUE
99,52,Lisa,F,3,2,no,1,4,4,0,course,8,FALSE,18,2,None,TRUE,TRUE
301,52,Jenny,F,3,2,yes,2,3,4,3,course,14,TRUE,17,4,None,TRUE,TRUE
195,52,Brian,M,2,3,no,4,4,2,7,home,8,FALSE,15,5,None,TRUE,FALSE
287,52,Sarah,F,3,1,yes,1,2,1,7,home,13,TRUE,19,1,None,TRUE,TRUE
320,52,David,M,2,3,yes,3,4,4,3,home,11,TRUE,14,6,None,TRUE,TRUE
888,52,Michael,M,1,1,no,4,2,4,0,other,12,TRUE,14,8,None,TRUE,FALSE
990,52,Oliver,M,1,3,no,4,1,3,3,course,11,TRUE,14,7,None,TRUE,FALSE
713,52,Anna,F,3,2,yes,1,4,4,1,course,17,TRUE,18,3,None,TRUE,TRUE
714,53,Jenny,F,1,1,no,4,4,4,7,course,15,TRUE,10,5,Statistics,TRUE,TRUE
123,53,Michael,M,1,3,no,4,4,4,7,course,13,TRUE,14,2,Statistics,TRUE,TRUE
622,53,Lisa,F,2,2,no,1,2,4,3,course,14,TRUE,10,6,Statistics,TRUE,TRUE
224,53,Brian,M,1,1,no,1,2,3,3,course,13,TRUE,12,4,Statistics,TRUE,TRUE
357,53,Sarah,F,2,2,no,1,4,4,3,course,11,TRUE,12,3,Statistics,TRUE,TRUE
119,53,Oliver,M,1,3,no,2,3,4,5,reputation,13,TRUE,8,8,Statistics,FALSE,FALSE
81,53,David,M,3,2,no,2,2,3,3,home,11,TRUE,10,7,Statistics,TRUE,FALSE
49,53,Anna,F,2,3,no,1,4,4,1,other,7,FALSE,18,1,Statistics,TRUE,TRUE
719,54,Jenny,F,1,3,yes,1,4,4,3,course,14,TRUE,14,3,Statistics,TRUE,TRUE
682,54,Brian,M,1,3,no,4,4,3,7,home,13,TRUE,7,8,Statistics,FALSE,FALSE
173,54,Sarah,F,2,2,no,1,3,1,0,course,9,FALSE,13,4,Statistics,TRUE,FALSE
636,54,David,M,2,2,yes,3,3,3,7,course,10,TRUE,13,5,Statistics,TRUE,TRUE
116,54,Michael,M,2,3,no,1,3,4,1,reputation,14,TRUE,17,1,Statistics,TRUE,TRUE
871,54,Lisa,F,2,2,yes,3,3,4,0,reputation,16,TRUE,15,2,Statistics,TRUE,TRUE
691,54,Oliver,M,2,3,no,1,3,4,0,reputation,17,TRUE,12,6,Statistics,TRUE,TRUE
716,54,Anna,F,2,1,no,1,4,3,7,course,14,TRUE,9,7,Statistics,FALSE,FALSE
822,55,Sarah,F,2,2,no,1,4,2,0,course,14,TRUE,17,4,Statistics,TRUE,TRUE
444,55,Jenny,F,3,2,no,3,3,4,3,reputation,15,TRUE,19,3,Statistics,TRUE,TRUE
757,55,Michael,M,3,3,yes,3,4,4,0,course,14,TRUE,19,2,Statistics,TRUE,TRUE
907,55,Brian,M,1,1,yes,1,2,1,3,home,12,TRUE,9,6,Statistics,FALSE,TRUE
875,55,Anna,F,2,2,no,1,3,3,0,other,10,TRUE,19,1,Statistics,TRUE,TRUE
41,55,David,M,1,3,yes,4,3,4,7,home,12,TRUE,7,8,Statistics,FALSE,FALSE
593,55,Oliver,M,2,2,no,4,3,2,7,home,10,TRUE,12,5,Statistics,TRUE,TRUE
431,55,Lisa,F,2,2,no,4,3,3,3,home,11,TRUE,8,7,Statistics,FALSE,FALSE
800,56,David,M,2,3,yes,4,4,1,7,course,9,FALSE,5,8,None,FALSE,FALSE
885,56,Michael,M,2,1,yes,3,3,1,0,other,10,TRUE,10,6,None,TRUE,TRUE
693,56,Lisa,F,3,1,no,2,2,4,0,reputation,18,TRUE,20,1,None,TRUE,TRUE
363,56,Oliver,M,2,3,no,1,4,2,0,home,13,TRUE,8,7,None,FALSE,FALSE
701,56,Sarah,F,2,1,yes,1,4,4,0,home,15,TRUE,18,2,None,TRUE,TRUE
333,56,Jenny,F,1,1,yes,2,3,3,0,course,10,TRUE,13,5,None,TRUE,TRUE
181,56,Anna,F,2,3,no,2,2,4,0,reputation,10,TRUE,17,3,None,TRUE,TRUE
467,56,Brian,M,1,3,no,1,3,4,3,course,14,TRUE,15,4,None,TRUE,TRUE
218,57,Sarah,F,1,3,yes,1,2,2,7,home,12,TRUE,11,6,Statistics,TRUE,TRUE
744,57,Lisa,F,2,2,no,1,4,3,7,home,12,TRUE,16,4,Statistics,TRUE,TRUE
708,57,Oliver,M,2,3,yes,2,3,3,0,reputation,11,TRUE,18,2,Statistics,TRUE,TRUE
18,57,David,M,1,3,no,4,4,3,7,course,5,FALSE,10,8,Statistics,TRUE,FALSE
975,57,Jenny,F,3,3,no,1,4,4,0,reputation,17,TRUE,19,1,Statistics,TRUE,TRUE
254,57,Brian,M,1,1,no,2,3,4,7,course,10,TRUE,15,5,Statistics,TRUE,TRUE
832,57,Michael,M,1,2,no,4,3,3,7,course,11,TRUE,10,7,Statistics,TRUE,FALSE
507,57,Anna,F,2,2,yes,3,2,3,7,home,9,FALSE,17,3,Statistics,TRUE,FALSE
262,58,Anna,F,3,2,no,1,3,1,5,reputation,12,TRUE,18,4,CaseBased,TRUE,TRUE
697,58,Lisa,F,2,2,no,3,4,4,1,reputation,13,TRUE,20,2,CaseBased,TRUE,TRUE
828,58,Oliver,M,1,3,no,3,3,2,3,course,10,TRUE,16,6,CaseBased,TRUE,TRUE
382,58,Jenny,F,1,1,no,3,2,2,5,home,12,TRUE,14,7,CaseBased,TRUE,FALSE
78,58,Brian,M,1,3,no,1,1,2,1,home,10,TRUE,20,1,CaseBased,TRUE,TRUE
943,58,Sarah,F,2,3,no,2,3,2,0,reputation,14,TRUE,16,5,CaseBased,TRUE,TRUE
147,58,Michael,M,2,3,yes,4,4,3,5,course,7,FALSE,20,3,CaseBased,TRUE,FALSE
767,58,David,M,3,3,no,2,2,4,1,reputation,15,TRUE,8,8,CaseBased,FALSE,FALSE
430,59,Oliver,M,1,2,no,2,2,3,0,reputation,14,TRUE,14,6,None,TRUE,TRUE
710,59,Jenny,F,2,2,no,2,3,2,1,course,15,TRUE,16,4,None,TRUE,TRUE
752,59,Brian,M,2,2,yes,3,3,4,5,home,17,TRUE,15,5,None,TRUE,TRUE
16,59,Anna,F,3,1,no,2,3,4,5,reputation,14,TRUE,18,3,None,TRUE,TRUE
510,59,Sarah,F,3,1,no,1,2,4,1,course,13,TRUE,19,1,None,TRUE,TRUE
12,59,David,M,1,2,no,3,3,4,1,course,14,TRUE,9,7,None,FALSE,FALSE
239,59,Michael,M,3,2,no,1,2,3,0,course,12,TRUE,19,2,None,TRUE,TRUE
925,59,Lisa,F,1,2,no,2,2,1,7,course,10,TRUE,6,8,None,FALSE,FALSE
155,60,Oliver,M,2,3,no,3,4,4,0,reputation,10,TRUE,16,5,CaseBased,TRUE,TRUE
674,60,Jenny,F,2,1,yes,1,1,3,7,home,10,TRUE,17,2,CaseBased,TRUE,TRUE
819,60,Brian,M,1,3,no,4,4,1,5,other,11,TRUE,7,8,CaseBased,FALSE,FALSE
82,60,Anna,F,2,3,no,1,4,3,7,reputation,6,FALSE,15,6,CaseBased,TRUE,FALSE
378,60,Michael,M,1,3,no,1,2,4,0,other,12,TRUE,18,1,CaseBased,TRUE,TRUE
672,60,Sarah,F,2,2,yes,1,3,4,5,reputation,16,TRUE,17,3,CaseBased,TRUE,TRUE
711,60,Lisa,F,2,1,yes,1,1,3,1,course,14,TRUE,16,4,CaseBased,TRUE,TRUE
113,60,David,M,1,3,no,1,2,4,7,course,19,TRUE,9,7,CaseBased,FALSE,FALSE
417,61,Sarah,F,2,3,no,3,4,4,0,other,16,TRUE,18,2,Statistics,TRUE,TRUE
451,61,Oliver,M,3,2,no,1,4,2,1,reputation,12,TRUE,9,7,Statistics,FALSE,FALSE
763,61,Jenny,F,3,2,no,1,2,4,0,reputation,12,TRUE,19,1,Statistics,TRUE,TRUE
204,61,David,M,2,2,no,4,3,2,0,home,13,TRUE,11,6,Statistics,TRUE,TRUE
448,61,Lisa,F,1,3,no,3,4,4,5,reputation,13,TRUE,12,5,Statistics,TRUE,TRUE
497,61,Michael,M,2,3,no,4,4,4,1,course,10,TRUE,15,4,Statistics,TRUE,TRUE
903,61,Anna,F,2,2,no,3,3,4,0,course,18,TRUE,16,3,Statistics,TRUE,TRUE
604,61,Brian,M,2,3,no,1,2,1,1,home,9,FALSE,8,8,Statistics,FALSE,FALSE
350,62,Lisa,F,1,3,yes,2,3,4,6,reputation,6,FALSE,8,7,None,FALSE,FALSE
481,62,Sarah,F,2,3,yes,1,4,2,0,home,11,TRUE,20,2,None,TRUE,TRUE
548,62,Brian,M,1,2,yes,4,3,4,7,other,11,TRUE,12,6,None,TRUE,TRUE
536,62,Michael,M,2,2,no,4,4,2,0,course,11,TRUE,16,5,None,TRUE,TRUE
970,62,Anna,F,1,1,yes,2,1,1,0,reputation,9,FALSE,20,1,None,TRUE,TRUE
175,62,Oliver,M,1,2,no,4,2,3,7,reputation,10,TRUE,18,3,None,TRUE,TRUE
222,62,David,M,1,2,no,2,2,4,0,course,12,TRUE,8,8,None,FALSE,FALSE
35,62,Jenny,F,1,3,no,1,1,3,0,other,6,FALSE,16,4,None,TRUE,FALSE
419,63,Sarah,F,2,3,no,1,3,2,0,reputation,10,TRUE,10,2,None,TRUE,TRUE
240,63,Jenny,F,3,1,no,1,3,3,3,home,9,FALSE,15,1,None,TRUE,TRUE
606,63,Michael,M,2,3,yes,4,2,2,0,home,16,TRUE,10,4,None,TRUE,TRUE
158,63,Lisa,F,2,3,no,4,4,2,1,reputation,11,TRUE,5,8,None,FALSE,FALSE
534,63,Brian,M,2,2,yes,4,4,1,0,course,8,FALSE,10,3,None,TRUE,FALSE
150,63,Oliver,M,1,3,no,1,2,3,7,course,12,TRUE,8,7,None,FALSE,FALSE
334,63,Anna,F,2,1,yes,2,2,4,7,other,11,TRUE,9,6,None,FALSE,TRUE
665,63,David,M,2,3,yes,3,4,4,3,reputation,14,TRUE,9,5,None,FALSE,TRUE
214,64,Brian,M,2,1,no,4,4,4,1,reputation,13,TRUE,14,6,Statistics,TRUE,TRUE
427,64,David,M,3,2,no,1,2,3,1,reputation,11,TRUE,12,8,Statistics,TRUE,FALSE
849,64,Lisa,F,2,3,no,3,4,2,0,course,9,FALSE,16,3,Statistics,TRUE,FALSE
837,64,Jenny,F,1,1,yes,3,1,1,0,course,9,FALSE,15,4,Statistics,TRUE,FALSE
154,64,Oliver,M,2,2,yes,1,2,1,1,reputation,16,TRUE,13,7,Statistics,TRUE,FALSE
597,64,Michael,M,2,2,no,3,3,3,0,reputation,11,TRUE,15,5,Statistics,TRUE,TRUE
291,64,Anna,F,2,3,no,3,4,4,1,course,11,TRUE,18,2,Statistics,TRUE,TRUE
895,64,Sarah,F,2,1,no,1,3,2,0,other,11,TRUE,18,1,Statistics,TRUE,TRUE
280,65,Brian,M,1,3,no,1,3,3,0,course,18,TRUE,19,2,Statistics,TRUE,TRUE
678,65,Lisa,F,2,2,no,3,3,3,0,reputation,10,TRUE,15,5,Statistics,TRUE,TRUE
74,65,Jenny,F,2,2,no,4,3,3,7,home,11,TRUE,8,8,Statistics,FALSE,FALSE
391,65,David,M,1,3,no,1,3,3,3,home,12,TRUE,11,7,Statistics,TRUE,FALSE
978,65,Sarah,F,2,3,no,4,3,4,0,course,14,TRUE,18,3,Statistics,TRUE,TRUE
400,65,Michael,M,1,3,no,1,1,2,0,course,10,TRUE,20,1,Statistics,TRUE,TRUE
715,65,Anna,F,3,2,no,4,4,4,1,course,17,TRUE,13,6,Statistics,TRUE,TRUE
786,65,Oliver,M,3,3,no,1,3,2,0,other,11,TRUE,18,4,Statistics,TRUE,TRUE
248,66,David,M,2,3,yes,2,2,2,1,home,14,TRUE,14,4,CaseBased,TRUE,TRUE
404,66,Michael,M,3,1,no,1,2,4,1,reputation,17,TRUE,20,1,CaseBased,TRUE,TRUE
601,66,Oliver,M,2,3,no,1,2,2,0,course,13,TRUE,18,2,CaseBased,TRUE,TRUE
429,66,Lisa,F,2,2,yes,4,4,1,1,reputation,11,TRUE,9,8,CaseBased,FALSE,FALSE
55,66,Jenny,F,2,2,yes,1,4,2,7,other,10,TRUE,11,6,CaseBased,TRUE,TRUE
656,66,Sarah,F,2,1,yes,3,2,4,1,home,15,TRUE,15,3,CaseBased,TRUE,TRUE
25,66,Anna,F,1,1,no,3,2,2,7,home,8,FALSE,9,7,CaseBased,FALSE,FALSE
471,66,Brian,M,2,3,yes,1,2,2,3,reputation,10,TRUE,13,5,CaseBased,TRUE,TRUE
945,67,Brian,M,1,3,no,1,4,4,2,reputation,17,TRUE,15,8,CaseBased,TRUE,FALSE
9,67,David,M,2,3,no,1,1,4,0,home,15,TRUE,15,7,CaseBased,TRUE,FALSE
241,67,Oliver,M,2,1,no,4,4,4,7,reputation,17,TRUE,20,2,CaseBased,TRUE,TRUE
244,67,Michael,M,2,3,yes,3,4,4,7,reputation,10,TRUE,18,3,CaseBased,TRUE,TRUE
2,67,Anna,F,2,2,no,3,2,1,7,other,10,TRUE,20,1,CaseBased,TRUE,TRUE
979,67,Lisa,F,2,1,yes,2,3,3,0,home,16,TRUE,17,4,CaseBased,TRUE,TRUE
447,67,Sarah,F,3,2,yes,3,3,3,1,home,11,TRUE,17,6,CaseBased,TRUE,TRUE
669,67,Jenny,F,2,3,no,1,3,1,1,home,13,TRUE,17,5,CaseBased,TRUE,TRUE
879,68,Brian,M,3,3,no,2,3,4,0,home,16,TRUE,6,7,Statistics,FALSE,FALSE
596,68,Anna,F,2,2,no,3,4,3,1,course,17,TRUE,19,1,Statistics,TRUE,TRUE
870,68,Sarah,F,2,2,no,4,4,1,7,reputation,10,TRUE,13,4,Statistics,TRUE,TRUE
201,68,Jenny,F,3,2,no,1,3,2,3,course,10,TRUE,17,2,Statistics,TRUE,TRUE
310,68,Lisa,F,3,2,no,2,3,3,3,course,10,TRUE,15,3,Statistics,TRUE,TRUE
625,68,Michael,M,1,3,no,1,4,4,6,course,15,TRUE,5,8,Statistics,FALSE,FALSE
785,68,David,M,2,2,no,3,2,4,4,home,11,TRUE,12,5,Statistics,TRUE,TRUE
66,68,Oliver,M,3,2,yes,4,3,4,3,reputation,12,TRUE,9,6,Statistics,FALSE,TRUE
211,69,Jenny,F,2,1,yes,2,3,4,7,reputation,14,TRUE,14,5,Statistics,TRUE,TRUE
369,69,Michael,M,1,2,no,3,3,4,0,course,12,TRUE,10,7,Statistics,TRUE,FALSE
464,69,Oliver,M,3,2,no,1,3,3,3,home,14,TRUE,15,4,Statistics,TRUE,TRUE
47,69,Brian,M,3,1,no,1,2,4,3,reputation,20,TRUE,18,1,Statistics,TRUE,TRUE
8,69,David,M,2,1,no,1,2,3,0,home,19,TRUE,16,2,Statistics,TRUE,TRUE
403,69,Anna,F,2,2,no,4,4,3,5,home,13,TRUE,9,8,Statistics,FALSE,FALSE
834,69,Lisa,F,1,3,no,1,3,2,3,course,10,TRUE,13,6,Statistics,TRUE,TRUE
267,69,Sarah,F,2,3,yes,1,3,2,7,reputation,13,TRUE,15,3,Statistics,TRUE,TRUE
219,70,Lisa,F,2,1,no,1,1,2,1,course,11,TRUE,17,1,Statistics,TRUE,TRUE
577,70,Anna,F,2,2,yes,1,2,4,3,other,15,TRUE,14,5,Statistics,TRUE,TRUE
658,70,David,M,3,2,no,1,2,3,1,course,12,TRUE,14,4,Statistics,TRUE,TRUE
929,70,Michael,M,2,3,no,3,4,1,7,home,11,TRUE,5,8,Statistics,FALSE,FALSE
143,70,Oliver,M,1,1,no,3,2,2,7,reputation,13,TRUE,6,7,Statistics,FALSE,FALSE
361,70,Sarah,F,2,2,no,2,2,3,0,home,13,TRUE,15,3,Statistics,TRUE,TRUE
893,70,Jenny,F,2,1,no,2,4,4,7,home,10,TRUE,11,6,Statistics,TRUE,TRUE
495,70,Brian,M,2,2,yes,1,3,4,1,course,11,TRUE,16,2,Statistics,TRUE,TRUE
323,71,Sarah,F,2,1,yes,2,3,3,1,reputation,11,TRUE,13,3,None,TRUE,TRUE
383,71,Oliver,M,1,1,no,2,2,2,7,home,12,TRUE,10,6,None,TRUE,TRUE
296,71,Lisa,F,3,2,no,3,3,2,0,home,15,TRUE,20,1,None,TRUE,TRUE
446,71,David,M,2,1,no,4,3,4,5,reputation,10,TRUE,14,2,None,TRUE,TRUE
547,71,Brian,M,2,2,no,4,4,3,3,reputation,10,TRUE,10,5,None,TRUE,TRUE
407,71,Jenny,F,2,2,no,3,3,2,0,course,13,TRUE,13,4,None,TRUE,TRUE
795,71,Anna,F,1,1,no,1,3,3,0,course,16,TRUE,5,8,None,FALSE,FALSE
540,71,Michael,M,1,3,no,4,4,4,3,course,10,TRUE,5,7,None,FALSE,FALSE
360,72,Lisa,F,3,1,yes,1,2,4,0,home,14,TRUE,18,1,Statistics,TRUE,TRUE
663,72,Michael,M,2,3,yes,4,4,3,0,other,14,TRUE,4,8,Statistics,FALSE,FALSE
569,72,Anna,F,2,3,no,2,2,4,0,reputation,11,TRUE,16,2,Statistics,TRUE,TRUE
651,72,Brian,M,2,2,no,1,1,4,3,reputation,14,TRUE,8,6,Statistics,FALSE,TRUE
50,72,Sarah,F,2,2,no,3,3,2,1,course,13,TRUE,12,3,Statistics,TRUE,TRUE
937,72,Jenny,F,2,2,no,2,3,2,2,course,8,FALSE,10,4,Statistics,TRUE,FALSE
29,72,David,M,2,3,yes,4,4,4,7,home,11,TRUE,6,7,Statistics,FALSE,FALSE
549,72,Oliver,M,2,1,yes,1,3,4,3,course,13,TRUE,8,5,Statistics,FALSE,TRUE
17,73,Sarah,F,2,2,no,1,2,3,3,reputation,10,TRUE,18,2,None,TRUE,TRUE
236,73,Oliver,M,2,1,no,2,4,2,7,home,14,TRUE,11,7,None,TRUE,FALSE
869,73,Lisa,F,1,1,no,4,3,3,1,course,7,FALSE,10,8,None,TRUE,FALSE
321,73,Jenny,F,2,2,yes,1,4,3,0,course,9,FALSE,16,3,None,TRUE,FALSE
578,73,Anna,F,1,2,no,4,2,1,1,home,13,TRUE,15,4,None,TRUE,TRUE
921,73,Michael,M,2,3,no,3,4,3,7,course,8,FALSE,15,5,None,TRUE,FALSE
104,73,David,M,2,3,no,1,4,4,0,course,18,TRUE,19,1,None,TRUE,TRUE
531,73,Brian,M,2,3,yes,4,4,3,3,course,8,FALSE,14,6,None,TRUE,FALSE
761,74,Jenny,F,1,1,no,4,3,3,7,home,11,TRUE,8,7,None,FALSE,FALSE
129,74,Sarah,F,1,3,yes,3,4,2,7,course,12,TRUE,7,8,None,FALSE,FALSE
370,74,Michael,M,2,3,no,2,3,4,0,course,13,TRUE,16,2,None,TRUE,TRUE
806,74,Oliver,M,2,2,no,1,3,2,0,course,11,TRUE,18,1,None,TRUE,TRUE
489,74,Anna,F,1,1,no,2,2,2,7,course,11,TRUE,10,6,None,TRUE,TRUE
472,74,David,M,2,3,no,2,4,4,5,course,14,TRUE,12,5,None,TRUE,TRUE
627,74,Lisa,F,2,2,yes,4,1,4,1,course,12,TRUE,15,3,None,TRUE,TRUE
930,74,Brian,M,2,3,no,3,4,3,3,course,10,TRUE,13,4,None,TRUE,TRUE
736,75,Anna,F,3,3,no,3,4,4,0,course,13,TRUE,17,1,CaseBased,TRUE,TRUE
306,75,Lisa,F,3,2,no,1,3,3,6,home,17,TRUE,13,5,CaseBased,TRUE,TRUE
784,75,Sarah,F,1,2,no,1,4,2,0,home,9,FALSE,16,2,CaseBased,TRUE,TRUE
652,75,Michael,M,2,1,no,2,4,2,1,home,16,TRUE,14,4,CaseBased,TRUE,TRUE
664,75,Jenny,F,2,2,no,2,4,4,7,reputation,12,TRUE,14,3,CaseBased,TRUE,TRUE
356,75,David,M,1,1,no,3,3,1,4,course,9,FALSE,9,7,CaseBased,FALSE,FALSE
926,75,Brian,M,1,3,yes,4,3,1,7,course,10,TRUE,9,8,CaseBased,FALSE,FALSE
193,75,Oliver,M,2,2,yes,4,4,4,7,home,13,TRUE,10,6,CaseBased,TRUE,TRUE
32,76,Oliver,M,2,3,yes,1,2,4,0,course,16,TRUE,18,1,Statistics,TRUE,TRUE
610,76,Anna,F,2,2,yes,1,1,2,7,course,10,TRUE,15,4,Statistics,TRUE,TRUE
562,76,Brian,M,2,3,no,4,4,2,7,other,12,TRUE,9,8,Statistics,FALSE,FALSE
906,76,Michael,M,2,3,no,4,3,1,1,other,10,TRUE,10,7,Statistics,TRUE,FALSE
668,76,Sarah,F,3,3,yes,3,4,3,7,reputation,16,TRUE,12,6,Statistics,TRUE,TRUE
266,76,Lisa,F,3,1,no,2,2,4,0,reputation,15,TRUE,17,2,Statistics,TRUE,TRUE
88,76,David,M,2,3,no,1,2,2,7,reputation,10,TRUE,13,5,Statistics,TRUE,TRUE
758,76,Jenny,F,3,3,yes,3,3,4,0,reputation,13,TRUE,17,3,Statistics,TRUE,TRUE
70,77,Michael,M,3,2,no,1,2,3,0,reputation,15,TRUE,19,1,None,TRUE,TRUE
607,77,Lisa,F,1,3,yes,1,2,2,3,home,10,TRUE,14,6,None,TRUE,TRUE
486,77,Oliver,M,3,1,yes,2,3,3,3,course,13,TRUE,18,2,None,TRUE,TRUE
39,77,Anna,F,1,2,no,1,1,2,7,reputation,13,TRUE,12,7,None,TRUE,FALSE
568,77,Jenny,F,1,1,no,3,4,4,7,home,16,TRUE,10,8,None,TRUE,FALSE
336,77,Brian,M,1,2,yes,3,3,2,2,other,12,TRUE,15,4,None,TRUE,TRUE
527,77,David,M,1,1,no,2,2,2,3,course,11,TRUE,15,5,None,TRUE,TRUE
237,77,Sarah,F,2,1,yes,3,2,4,7,home,18,TRUE,16,3,None,TRUE,TRUE
171,78,Michael,M,2,1,no,4,3,2,3,home,10,TRUE,8,8,None,FALSE,FALSE
616,78,Anna,F,1,2,no,2,4,2,3,course,11,TRUE,10,7,None,TRUE,FALSE
468,78,Sarah,F,3,1,no,1,2,3,3,reputation,11,TRUE,18,2,None,TRUE,TRUE
803,78,Jenny,F,3,1,yes,1,2,4,5,course,17,TRUE,20,1,None,TRUE,TRUE
890,78,David,M,3,3,no,3,4,2,7,reputation,14,TRUE,12,4,None,TRUE,TRUE
964,78,Lisa,F,2,2,yes,4,4,2,0,course,15,TRUE,11,6,None,TRUE,TRUE
913,78,Oliver,M,1,2,no,1,2,1,0,course,13,TRUE,12,5,None,TRUE,TRUE
522,78,Brian,M,1,3,yes,1,4,3,5,home,11,TRUE,16,3,None,TRUE,TRUE
543,79,Anna,F,2,2,yes,1,4,3,0,home,13,TRUE,18,3,None,TRUE,TRUE
232,79,Oliver,M,1,3,no,4,2,2,0,course,12,TRUE,14,6,None,TRUE,TRUE
89,79,Brian,M,2,1,no,4,3,4,7,reputation,7,FALSE,16,4,None,TRUE,FALSE
72,79,Sarah,F,2,2,yes,4,4,1,1,reputation,5,FALSE,18,2,None,TRUE,TRUE
96,79,David,M,1,2,no,1,3,4,1,reputation,15,TRUE,13,7,None,TRUE,FALSE
525,79,Michael,M,1,1,no,3,2,2,7,reputation,10,TRUE,12,8,None,TRUE,FALSE
314,79,Jenny,F,3,3,yes,3,3,4,0,reputation,15,TRUE,20,1,None,TRUE,TRUE
103,79,Lisa,F,2,2,no,1,4,3,7,home,6,FALSE,15,5,None,TRUE,FALSE
332,80,Oliver,M,3,1,yes,2,2,4,0,other,13,TRUE,18,1,None,TRUE,TRUE
825,80,Anna,F,2,3,yes,1,4,3,3,reputation,12,TRUE,10,4,None,TRUE,TRUE
735,80,David,M,1,3,no,4,4,2,1,course,10,TRUE,8,8,None,FALSE,FALSE
206,80,Jenny,F,2,2,yes,1,3,3,7,reputation,7,FALSE,8,7,None,FALSE,FALSE
919,80,Brian,M,1,2,yes,3,3,1,1,course,9,FALSE,10,5,None,TRUE,FALSE
560,80,Sarah,F,2,2,no,1,3,3,5,course,13,TRUE,12,3,None,TRUE,TRUE
899,80,Michael,M,2,3,yes,4,4,4,7,other,8,FALSE,9,6,None,FALSE,FALSE
539,80,Lisa,F,2,3,yes,1,2,4,0,reputation,17,TRUE,16,2,None,TRUE,TRUE
153,81,Lisa,F,2,3,yes,1,2,4,0,reputation,14,TRUE,14,3,CaseBased,TRUE,TRUE
639,81,Brian,M,2,2,no,3,3,3,3,reputation,10,TRUE,13,5,CaseBased,TRUE,TRUE
770,81,Sarah,F,3,1,yes,3,2,1,7,reputation,15,TRUE,16,2,CaseBased,TRUE,TRUE
367,81,Anna,F,2,2,no,2,3,4,1,reputation,14,TRUE,13,4,CaseBased,TRUE,TRUE
457,81,Michael,M,1,3,no,4,4,4,7,other,8,FALSE,4,8,CaseBased,FALSE,FALSE
298,81,Oliver,M,1,2,no,4,4,3,2,reputation,16,TRUE,10,6,CaseBased,TRUE,TRUE
864,81,Jenny,F,2,2,no,1,2,1,0,course,18,TRUE,18,1,CaseBased,TRUE,TRUE
27,81,David,M,1,1,no,4,4,4,3,other,15,TRUE,6,7,CaseBased,FALSE,FALSE
829,82,Oliver,M,1,1,no,4,4,3,1,reputation,11,TRUE,10,8,None,TRUE,FALSE
381,82,Anna,F,3,2,no,1,2,4,1,course,10,TRUE,18,1,None,TRUE,TRUE
675,82,David,M,1,1,no,4,4,4,5,home,12,TRUE,12,6,None,TRUE,TRUE
37,82,Michael,M,3,3,yes,1,3,4,6,reputation,15,TRUE,16,3,None,TRUE,TRUE
642,82,Brian,M,1,3,no,4,2,2,0,course,13,TRUE,15,4,None,TRUE,TRUE
726,82,Jenny,F,2,2,yes,1,4,1,1,course,9,FALSE,16,2,None,TRUE,TRUE
396,82,Sarah,F,1,2,no,1,1,2,7,reputation,12,TRUE,11,7,None,TRUE,FALSE
344,82,Lisa,F,2,3,no,3,4,3,7,reputation,10,TRUE,13,5,None,TRUE,TRUE
801,83,Oliver,M,2,2,no,1,3,3,0,reputation,11,TRUE,15,5,Statistics,TRUE,TRUE
782,83,Anna,F,1,3,no,3,4,3,3,course,11,TRUE,18,1,Statistics,TRUE,TRUE
146,83,Brian,M,2,3,yes,4,4,3,3,course,12,TRUE,14,6,Statistics,TRUE,TRUE
114,83,Michael,M,2,3,yes,1,2,2,7,reputation,9,FALSE,13,8,Statistics,TRUE,FALSE
759,83,Sarah,F,2,2,yes,2,4,2,7,course,15,TRUE,16,3,Statistics,TRUE,TRUE
44,83,Lisa,F,2,2,no,2,3,2,7,course,9,FALSE,15,4,Statistics,TRUE,FALSE
107,83,David,M,3,2,no,1,3,3,1,home,18,TRUE,14,7,Statistics,TRUE,FALSE
779,83,Jenny,F,1,2,yes,3,3,3,7,other,11,TRUE,17,2,Statistics,TRUE,TRUE
645,84,Sarah,F,3,1,no,1,3,4,1,reputation,17,TRUE,13,3,CaseBased,TRUE,TRUE
161,84,Michael,M,2,1,yes,1,3,4,3,course,11,TRUE,15,1,CaseBased,TRUE,TRUE
215,84,Oliver,M,2,3,no,1,2,1,7,home,6,FALSE,9,6,CaseBased,FALSE,FALSE
646,84,Anna,F,2,2,no,1,3,2,0,home,11,TRUE,8,7,CaseBased,FALSE,FALSE
418,84,Jenny,F,1,3,yes,4,4,1,0,course,16,TRUE,10,5,CaseBased,TRUE,TRUE
695,84,Brian,M,3,3,no,1,2,3,0,reputation,15,TRUE,14,2,CaseBased,TRUE,TRUE
949,84,David,M,1,1,no,4,3,1,3,other,14,TRUE,6,8,CaseBased,FALSE,FALSE
853,84,Lisa,F,2,2,no,1,3,2,0,course,14,TRUE,12,4,CaseBased,TRUE,TRUE
302,85,Brian,M,3,3,no,4,4,2,1,course,8,FALSE,17,3,CaseBased,TRUE,FALSE
721,85,Sarah,F,2,1,yes,2,2,4,7,course,17,TRUE,5,8,CaseBased,FALSE,FALSE
777,85,Jenny,F,1,2,yes,1,1,1,4,reputation,10,TRUE,12,5,CaseBased,TRUE,TRUE
4,85,Anna,F,2,2,no,2,2,3,3,home,10,TRUE,8,6,CaseBased,FALSE,TRUE
149,85,David,M,2,2,yes,4,4,1,0,course,7,FALSE,18,2,CaseBased,TRUE,TRUE
179,85,Michael,M,1,2,no,4,4,3,7,home,10,TRUE,7,7,CaseBased,FALSE,FALSE
938,85,Lisa,F,1,1,yes,1,2,4,0,course,9,FALSE,20,1,CaseBased,TRUE,TRUE
898,85,Oliver,M,1,1,yes,3,2,3,1,course,12,TRUE,15,4,CaseBased,TRUE,TRUE
229,86,Michael,M,2,2,no,3,3,3,5,reputation,10,TRUE,9,7,None,FALSE,FALSE
275,86,Brian,M,1,1,no,2,1,4,0,home,10,TRUE,13,4,None,TRUE,TRUE
602,86,Oliver,M,2,3,yes,3,4,4,0,reputation,13,TRUE,8,8,None,FALSE,FALSE
805,86,Sarah,F,2,3,no,2,4,3,1,course,15,TRUE,11,5,None,TRUE,TRUE
330,86,Jenny,F,2,1,no,2,2,2,0,course,12,TRUE,10,6,None,TRUE,TRUE
450,86,Lisa,F,2,2,no,1,3,4,1,home,14,TRUE,14,3,None,TRUE,TRUE
33,86,David,M,2,2,no,1,2,3,0,course,12,TRUE,15,2,None,TRUE,TRUE
339,86,Anna,F,3,3,no,1,4,4,0,reputation,19,TRUE,18,1,None,TRUE,TRUE
327,87,Michael,M,2,3,no,3,3,1,1,other,12,TRUE,12,5,Statistics,TRUE,TRUE
690,87,David,M,3,1,no,3,4,2,0,reputation,15,TRUE,16,2,Statistics,TRUE,TRUE
766,87,Anna,F,2,2,no,3,4,2,0,reputation,17,TRUE,15,3,Statistics,TRUE,TRUE
891,87,Oliver,M,1,2,no,2,3,2,7,course,12,TRUE,7,8,Statistics,FALSE,FALSE
961,87,Jenny,F,2,1,yes,2,3,3,0,reputation,15,TRUE,15,4,Statistics,TRUE,TRUE
860,87,Sarah,F,1,3,yes,2,4,1,0,reputation,11,TRUE,12,6,Statistics,TRUE,TRUE
535,87,Brian,M,1,3,no,1,2,3,7,course,8,FALSE,8,7,Statistics,FALSE,FALSE
483,87,Lisa,F,2,2,yes,1,2,4,0,home,11,TRUE,18,1,Statistics,TRUE,TRUE
255,88,Brian,M,1,3,yes,4,4,4,7,home,8,FALSE,7,8,None,FALSE,FALSE
521,88,Anna,F,3,1,yes,3,1,3,1,reputation,13,TRUE,16,3,None,TRUE,TRUE
969,88,Oliver,M,3,1,yes,2,2,4,0,other,16,TRUE,17,2,None,TRUE,TRUE
13,88,Michael,M,2,3,no,2,3,4,1,course,11,TRUE,12,6,None,TRUE,TRUE
3,88,Sarah,F,3,1,yes,1,2,4,1,home,15,TRUE,14,5,None,TRUE,TRUE
940,88,Jenny,F,2,3,yes,2,4,1,2,course,7,FALSE,9,7,None,FALSE,FALSE
31,88,David,M,2,2,no,1,1,4,0,reputation,17,TRUE,14,4,None,TRUE,TRUE
368,88,Lisa,F,3,1,no,1,2,2,0,reputation,13,TRUE,19,1,None,TRUE,TRUE
87,89,Lisa,F,3,2,no,3,3,4,3,reputation,14,TRUE,15,3,None,TRUE,TRUE
142,89,Oliver,M,2,3,no,1,4,3,1,course,8,FALSE,13,5,None,TRUE,FALSE
808,89,Anna,F,3,2,no,2,2,2,0,course,8,FALSE,17,2,None,TRUE,TRUE
283,89,Sarah,F,2,3,no,3,3,1,7,reputation,10,TRUE,8,8,None,FALSE,FALSE
797,89,Michael,M,2,2,no,2,4,4,0,reputation,14,TRUE,18,1,None,TRUE,TRUE
586,89,Jenny,F,2,3,yes,4,4,4,7,reputation,10,TRUE,9,7,None,FALSE,FALSE
108,89,David,M,3,2,yes,4,4,4,5,home,13,TRUE,13,4,None,TRUE,TRUE
260,89,Brian,M,2,2,no,2,3,1,1,reputation,11,TRUE,11,6,None,TRUE,TRUE
189,90,Lisa,F,2,2,yes,1,2,4,7,other,13,TRUE,9,5,Statistics,FALSE,TRUE
541,90,Oliver,M,2,2,yes,1,2,1,0,reputation,18,TRUE,8,6,Statistics,FALSE,TRUE
644,90,Anna,F,2,2,yes,3,4,2,1,course,13,TRUE,10,4,Statistics,TRUE,TRUE
904,90,Michael,M,2,1,yes,2,2,2,0,course,13,TRUE,12,2,Statistics,TRUE,TRUE
421,90,Jenny,F,2,3,yes,4,4,4,0,reputation,12,TRUE,12,3,Statistics,TRUE,TRUE
796,90,David,M,2,3,no,4,3,1,3,home,9,FALSE,5,8,Statistics,FALSE,FALSE
775,90,Brian,M,1,2,no,4,4,2,7,reputation,11,TRUE,6,7,Statistics,FALSE,FALSE
496,90,Sarah,F,3,2,yes,1,3,4,3,course,15,TRUE,15,1,Statistics,TRUE,TRUE
43,91,Oliver,M,1,3,no,1,1,2,0,course,11,TRUE,14,7,Statistics,TRUE,FALSE
746,91,Sarah,F,3,3,no,1,4,2,5,course,14,TRUE,18,1,Statistics,TRUE,TRUE
905,91,Michael,M,2,1,no,2,2,3,0,other,13,TRUE,15,6,Statistics,TRUE,TRUE
705,91,Jenny,F,3,1,no,2,2,3,0,reputation,18,TRUE,18,2,Statistics,TRUE,TRUE
414,91,David,M,2,1,no,1,2,4,7,reputation,16,TRUE,16,5,Statistics,TRUE,TRUE
490,91,Anna,F,1,2,yes,2,3,1,5,course,13,TRUE,17,3,Statistics,TRUE,TRUE
857,91,Brian,M,3,2,no,4,4,2,1,other,9,FALSE,13,8,Statistics,TRUE,FALSE
271,91,Lisa,F,2,3,yes,2,4,4,7,home,8,FALSE,17,4,Statistics,TRUE,FALSE
780,92,Jenny,F,2,3,no,1,4,2,0,course,12,TRUE,12,5,CaseBased,TRUE,TRUE
689,92,Sarah,F,3,2,no,1,3,1,0,reputation,14,TRUE,18,2,CaseBased,TRUE,TRUE
351,92,Anna,F,2,2,no,1,4,3,0,course,8,FALSE,13,4,CaseBased,TRUE,FALSE
679,92,Oliver,M,1,1,no,2,3,4,0,course,10,TRUE,19,1,CaseBased,TRUE,TRUE
544,92,Lisa,F,2,3,no,1,4,3,0,reputation,15,TRUE,11,6,CaseBased,TRUE,TRUE
948,92,David,M,1,3,yes,1,4,4,4,other,14,TRUE,17,3,CaseBased,TRUE,TRUE
148,92,Michael,M,1,2,no,4,3,3,1,course,10,TRUE,4,8,CaseBased,FALSE,FALSE
445,92,Brian,M,2,3,no,1,2,2,5,reputation,11,TRUE,10,7,CaseBased,TRUE,FALSE
228,93,Oliver,M,1,3,no,4,4,3,0,course,8,FALSE,12,6,CaseBased,TRUE,FALSE
788,93,Jenny,F,1,3,no,2,4,1,0,other,7,FALSE,10,8,CaseBased,TRUE,FALSE
798,93,David,M,2,2,no,2,4,4,6,reputation,8,FALSE,15,3,CaseBased,TRUE,FALSE
290,93,Lisa,F,3,2,no,4,4,4,0,course,10,TRUE,20,1,CaseBased,TRUE,TRUE
524,93,Michael,M,2,3,no,1,4,3,0,course,8,FALSE,16,2,CaseBased,TRUE,TRUE
737,93,Sarah,F,3,2,yes,2,3,4,3,course,15,TRUE,14,4,CaseBased,TRUE,TRUE
452,93,Anna,F,3,1,no,1,2,1,3,home,13,TRUE,12,5,CaseBased,TRUE,TRUE
635,93,Brian,M,1,3,yes,4,4,3,7,other,5,FALSE,9,7,CaseBased,FALSE,FALSE
358,94,Anna,F,2,2,no,1,3,1,1,course,11,TRUE,9,6,None,FALSE,TRUE
394,94,Brian,M,3,3,yes,1,3,4,3,reputation,13,TRUE,20,2,None,TRUE,TRUE
437,94,Oliver,M,1,1,yes,3,2,3,0,course,12,TRUE,16,4,None,TRUE,TRUE
385,94,Michael,M,2,2,no,1,3,4,1,home,13,TRUE,15,3,None,TRUE,TRUE
594,94,Jenny,F,3,2,no,1,2,4,3,home,16,TRUE,20,1,None,TRUE,TRUE
34,94,David,M,1,3,no,1,3,3,0,home,15,TRUE,9,7,None,FALSE,FALSE
570,94,Sarah,F,2,2,no,4,4,4,1,home,15,TRUE,10,5,None,TRUE,TRUE
205,94,Lisa,F,3,2,no,1,2,4,0,home,14,TRUE,10,8,None,TRUE,FALSE
259,95,Anna,F,2,3,no,2,4,2,3,course,11,TRUE,15,3,None,TRUE,TRUE
463,95,Lisa,F,3,1,no,1,2,2,3,course,10,TRUE,12,6,None,TRUE,TRUE
557,95,Brian,M,2,1,yes,2,3,2,0,course,16,TRUE,10,7,None,TRUE,FALSE
504,95,Sarah,F,1,2,no,1,2,4,5,course,14,TRUE,18,1,None,TRUE,TRUE
772,95,Oliver,M,2,3,no,2,4,3,7,reputation,18,TRUE,15,4,None,TRUE,TRUE
526,95,Jenny,F,1,1,no,4,4,1,5,course,11,TRUE,8,8,None,FALSE,FALSE
100,95,David,M,1,3,no,4,4,4,7,other,5,FALSE,14,5,None,TRUE,FALSE
739,95,Michael,M,3,3,no,4,4,2,0,course,12,TRUE,17,2,None,TRUE,TRUE
924,96,Sarah,F,2,3,yes,1,4,3,7,course,7,FALSE,12,6,CaseBased,TRUE,FALSE
528,96,Michael,M,2,3,yes,4,4,3,0,course,1,FALSE,15,4,CaseBased,TRUE,FALSE
932,96,David,M,1,3,no,3,4,1,3,home,10,TRUE,10,8,CaseBased,TRUE,FALSE
588,96,Anna,F,1,2,no,4,3,3,3,home,13,TRUE,13,5,CaseBased,TRUE,TRUE
573,96,Lisa,F,1,2,no,2,2,2,7,reputation,13,TRUE,12,7,CaseBased,TRUE,FALSE
377,96,Brian,M,2,3,no,1,1,4,0,reputation,14,TRUE,16,3,CaseBased,TRUE,TRUE
730,96,Jenny,F,3,3,no,3,3,3,0,course,17,TRUE,17,1,CaseBased,TRUE,TRUE
824,96,Oliver,M,2,2,yes,1,1,4,0,course,13,TRUE,16,2,CaseBased,TRUE,TRUE
580,97,Sarah,F,3,2,no,2,3,3,3,reputation,12,TRUE,15,2,None,TRUE,TRUE
865,97,Jenny,F,2,2,no,1,2,2,0,reputation,17,TRUE,17,1,None,TRUE,TRUE
612,97,Michael,M,1,3,yes,2,3,2,7,course,8,FALSE,10,4,None,TRUE,FALSE
168,97,David,M,1,2,yes,2,3,2,1,other,11,TRUE,8,6,None,FALSE,TRUE
217,97,Brian,M,2,3,yes,4,2,2,3,home,13,TRUE,10,5,None,TRUE,TRUE
209,97,Oliver,M,2,2,yes,4,2,2,7,course,9,FALSE,6,8,None,FALSE,FALSE
135,97,Lisa,F,1,3,no,3,4,1,1,course,13,TRUE,7,7,None,FALSE,FALSE
582,97,Anna,F,2,2,no,1,4,2,0,reputation,13,TRUE,14,3,None,TRUE,TRUE
816,98,Sarah,F,1,1,yes,3,2,1,0,other,14,TRUE,13,7,Statistics,TRUE,FALSE
169,98,Brian,M,2,1,yes,2,3,2,0,course,15,TRUE,12,8,Statistics,TRUE,FALSE
918,98,Oliver,M,1,3,no,4,4,1,0,course,9,FALSE,15,5,Statistics,TRUE,FALSE
252,98,David,M,1,1,no,4,4,4,7,home,9,FALSE,14,6,Statistics,TRUE,FALSE
366,98,Michael,M,2,3,no,1,1,4,0,home,13,TRUE,16,2,Statistics,TRUE,TRUE
776,98,Lisa,F,2,1,no,3,4,2,7,reputation,17,TRUE,16,1,Statistics,TRUE,TRUE
449,98,Jenny,F,2,2,no,3,3,3,0,home,12,TRUE,15,4,Statistics,TRUE,TRUE
973,98,Anna,F,3,3,yes,1,3,2,7,home,12,TRUE,16,3,Statistics,TRUE,TRUE
436,99,Anna,F,2,3,no,2,3,4,7,course,11,TRUE,15,3,CaseBased,TRUE,TRUE
685,99,Lisa,F,2,3,no,2,4,2,7,course,14,TRUE,11,5,CaseBased,TRUE,TRUE
246,99,Sarah,F,3,3,yes,3,4,3,3,reputation,14,TRUE,14,4,CaseBased,TRUE,TRUE
131,99,David,M,2,3,yes,3,4,1,0,course,12,TRUE,10,6,CaseBased,TRUE,TRUE
638,99,Brian,M,1,3,no,4,4,3,7,course,7,FALSE,6,7,CaseBased,FALSE,FALSE
654,99,Jenny,F,3,3,yes,1,1,2,1,course,12,TRUE,18,1,CaseBased,TRUE,TRUE
520,99,Oliver,M,1,3,yes,4,4,2,5,course,10,TRUE,5,8,CaseBased,FALSE,FALSE
269,99,Michael,M,3,3,no,1,2,3,7,reputation,14,TRUE,17,2,CaseBased,TRUE,TRUE
861,100,Anna,F,2,2,yes,4,4,3,7,other,10,TRUE,8,8,None,FALSE,FALSE
83,100,David,M,2,2,no,3,3,2,3,home,15,TRUE,10,7,None,TRUE,FALSE
542,100,Oliver,M,2,3,no,3,4,4,0,reputation,10,TRUE,18,1,None,TRUE,TRUE
647,100,Michael,M,2,3,no,4,4,2,3,course,11,TRUE,17,3,None,TRUE,TRUE
532,100,Brian,M,1,3,no,4,4,2,1,course,10,TRUE,14,4,None,TRUE,TRUE
655,100,Lisa,F,2,1,yes,2,3,2,7,course,12,TRUE,17,2,None,TRUE,TRUE
207,100,Sarah,F,2,2,no,3,4,3,7,course,15,TRUE,12,6,None,TRUE,TRUE
137,100,Jenny,F,2,2,no,1,2,2,1,course,11,TRUE,14,5,None,TRUE,TRUE
216,101,Oliver,M,3,2,yes,3,3,3,7,reputation,10,TRUE,14,4,Statistics,TRUE,TRUE
707,101,David,M,1,3,no,1,3,3,0,course,15,TRUE,16,3,Statistics,TRUE,TRUE
21,101,Brian,M,1,3,no,1,2,4,0,other,15,TRUE,20,1,Statistics,TRUE,TRUE
981,101,Michael,M,2,1,no,4,4,4,3,home,19,TRUE,18,2,Statistics,TRUE,TRUE
338,101,Anna,F,1,3,no,3,4,2,7,course,5,FALSE,12,5,Statistics,TRUE,FALSE
561,101,Jenny,F,2,2,no,1,3,1,0,course,12,TRUE,10,8,Statistics,TRUE,FALSE
723,101,Lisa,F,2,1,no,2,3,2,1,home,14,TRUE,10,7,Statistics,TRUE,FALSE
631,101,Sarah,F,3,3,yes,1,4,2,7,course,11,TRUE,12,6,Statistics,TRUE,TRUE
863,102,David,M,1,3,no,2,4,2,0,course,9,FALSE,12,5,CaseBased,TRUE,FALSE
392,102,Anna,F,1,3,no,1,1,3,3,other,11,TRUE,3,8,CaseBased,FALSE,FALSE
804,102,Jenny,F,1,1,no,1,2,2,2,course,13,TRUE,15,2,CaseBased,TRUE,TRUE
917,102,Brian,M,1,3,no,3,4,3,1,course,10,TRUE,17,1,CaseBased,TRUE,TRUE
956,102,Lisa,F,2,1,no,1,1,2,0,course,12,TRUE,12,6,CaseBased,TRUE,TRUE
928,102,Oliver,M,1,3,no,4,4,3,7,course,11,TRUE,6,7,CaseBased,FALSE,FALSE
176,102,Michael,M,1,2,no,1,3,3,0,home,14,TRUE,13,4,CaseBased,TRUE,TRUE
234,102,Sarah,F,3,1,no,1,3,4,5,reputation,13,TRUE,15,3,CaseBased,TRUE,TRUE
599,103,Lisa,F,3,1,yes,2,3,2,0,course,16,TRUE,16,2,CaseBased,TRUE,TRUE
482,103,Michael,M,1,3,no,2,4,4,1,home,9,FALSE,8,7,CaseBased,FALSE,FALSE
22,103,Brian,M,2,3,no,3,1,4,1,course,16,TRUE,14,3,CaseBased,TRUE,TRUE
760,103,Jenny,F,2,2,no,4,4,2,3,reputation,16,TRUE,10,6,CaseBased,TRUE,TRUE
703,103,Anna,F,3,2,no,1,4,4,0,reputation,8,FALSE,18,1,CaseBased,TRUE,TRUE
26,103,Oliver,M,1,1,no,2,2,2,1,home,11,TRUE,12,5,CaseBased,TRUE,TRUE
765,103,David,M,2,2,yes,4,4,4,7,reputation,15,TRUE,5,8,CaseBased,FALSE,FALSE
976,103,Sarah,F,3,2,no,2,2,1,3,home,12,TRUE,13,4,CaseBased,TRUE,TRUE
428,104,Michael,M,3,2,no,1,3,4,0,course,10,TRUE,20,1,Statistics,TRUE,TRUE
624,104,David,M,2,2,no,3,3,4,0,course,12,TRUE,19,2,Statistics,TRUE,TRUE
316,104,Brian,M,2,3,no,3,4,1,7,home,8,FALSE,8,8,Statistics,FALSE,FALSE
292,104,Sarah,F,2,1,yes,2,2,4,7,course,13,TRUE,16,3,Statistics,TRUE,TRUE
281,104,Oliver,M,1,2,yes,1,4,4,7,reputation,8,FALSE,9,7,Statistics,FALSE,FALSE
184,104,Anna,F,2,3,no,3,4,1,3,course,10,TRUE,10,6,Statistics,TRUE,TRUE
284,104,Jenny,F,2,3,yes,1,1,2,7,other,13,TRUE,14,5,Statistics,TRUE,TRUE
500,104,Lisa,F,3,2,yes,1,3,3,7,course,11,TRUE,15,4,Statistics,TRUE,TRUE
297,105,Brian,M,3,2,no,2,3,4,2,course,11,TRUE,17,1,CaseBased,TRUE,TRUE
738,105,Lisa,F,1,1,no,4,4,3,1,course,11,TRUE,7,7,CaseBased,FALSE,FALSE
555,105,Michael,M,2,2,yes,3,4,3,5,other,14,TRUE,5,8,CaseBased,FALSE,FALSE
202,105,Jenny,F,2,1,no,2,4,2,1,reputation,6,FALSE,15,3,CaseBased,TRUE,FALSE
102,105,David,M,1,2,no,1,3,4,3,course,14,TRUE,12,5,CaseBased,TRUE,TRUE
667,105,Anna,F,2,2,no,3,4,3,7,home,12,TRUE,9,6,CaseBased,FALSE,TRUE
282,105,Oliver,M,2,3,yes,2,3,3,0,reputation,12,TRUE,16,2,CaseBased,TRUE,TRUE
337,105,Sarah,F,3,3,yes,1,3,2,7,home,11,TRUE,13,4,CaseBased,TRUE,TRUE
700,106,David,M,1,3,yes,2,2,4,0,home,17,TRUE,14,4,CaseBased,TRUE,TRUE
62,106,Jenny,F,2,3,no,1,3,2,3,reputation,9,FALSE,16,3,CaseBased,TRUE,FALSE
574,106,Anna,F,3,2,no,1,4,2,5,reputation,13,TRUE,18,2,CaseBased,TRUE,TRUE
399,106,Brian,M,2,2,no,1,3,4,0,course,15,TRUE,19,1,CaseBased,TRUE,TRUE
92,106,Sarah,F,2,2,no,3,3,3,3,home,6,FALSE,12,5,CaseBased,TRUE,FALSE
58,106,Oliver,M,2,2,no,1,2,2,1,home,9,FALSE,9,6,CaseBased,FALSE,FALSE
846,106,Lisa,F,2,1,yes,1,4,1,7,course,9,FALSE,7,7,CaseBased,FALSE,FALSE
619,106,Michael,M,2,3,no,4,4,2,7,reputation,8,FALSE,5,8,CaseBased,FALSE,FALSE
7,107,Lisa,F,2,1,no,1,4,4,5,home,6,FALSE,9,7,CaseBased,FALSE,FALSE
551,107,Brian,M,2,1,yes,2,3,3,0,home,13,TRUE,12,4,CaseBased,TRUE,TRUE
589,107,Sarah,F,3,2,no,1,3,2,0,course,13,TRUE,14,2,CaseBased,TRUE,TRUE
68,107,Anna,F,2,1,no,3,3,2,1,reputation,8,FALSE,10,6,CaseBased,TRUE,FALSE
101,107,Oliver,M,3,3,yes,1,3,4,0,other,17,TRUE,14,3,CaseBased,TRUE,TRUE
518,107,David,M,1,2,yes,1,2,4,7,course,8,FALSE,7,8,CaseBased,FALSE,FALSE
111,107,Jenny,F,3,1,no,1,2,3,0,reputation,10,TRUE,16,1,CaseBased,TRUE,TRUE
550,107,Michael,M,2,3,no,3,3,4,3,home,11,TRUE,12,5,CaseBased,TRUE,TRUE
